date,abandon_count,total_sessions,abandon_rate
2025-01-01,1,1,1.0
2025-01-02,1,1,1.0
2025-01-03,1,1,1.0
2025-01-04,1,1,1.0
2025-01-05,1,1,1.0
2025-01-06,1,1,1.0
2025-01-07,1,1,1.0
2025-01-08,1,1,1.0
2025-01-09,1,1,1.0
2025-01-10,1,1,1.0
2025-01-11,0,1,0.0
2025-01-12,1,1,1.0
2025-01-13,1,1,1.0
2025-01-14,0,1,0.0
2025-01-15,1,1,1.0
2025-01-16,1,1,1.0
2025-01-17,0,1,0.0
2025-01-18,1,1,1.0
2025-01-19,0,1,0.0
2025-01-20,1,1,1.0
2025-01-21,0,1,0.0
2025-01-22,0,1,0.0
2025-01-23,1,1,1.0
2025-01-24,1,1,1.0
2025-01-25,1,1,1.0
2025-01-26,0,1,0.0
2025-01-27,1,1,1.0
2025-01-28,1,1,1.0
2025-01-29,1,1,1.0
2025-01-30,1,1,1.0
2025-01-31,0,1,0.0
2025-02-01,1,1,1.0
2025-02-02,0,1,0.0
2025-02-03,0,1,0.0
2025-02-04,1,1,1.0
2025-02-05,1,1,1.0
2025-02-06,1,1,1.0
2025-02-07,1,1,1.0
2025-02-08,0,1,0.0
2025-02-09,1,1,1.0
2025-02-10,0,1,0.0
2025-02-11,1,1,1.0
2025-02-12,1,1,1.0
2025-02-13,1,1,1.0
2025-02-14,1,1,1.0
2025-02-15,0,1,0.0
2025-02-16,0,1,0.0
2025-02-17,0,1,0.0
2025-02-18,1,1,1.0
2025-02-19,0,1,0.0
2025-02-20,1,1,1.0
2025-02-21,0,1,0.0
2025-02-22,0,1,0.0
2025-02-23,1,1,1.0
2025-02-24,0,1,0.0
2025-02-25,1,1,1.0
2025-02-26,1,1,1.0
2025-02-27,1,1,1.0
2025-02-28,1,1,1.0
2025-03-01,1,1,1.0
2025-03-02,0,1,0.0
2025-03-03,1,1,1.0
2025-03-04,0,1,0.0
2025-03-05,1,1,1.0
2025-03-06,0,1,0.0
2025-03-07,1,1,1.0
2025-03-08,1,1,1.0
2025-03-09,1,1,1.0
2025-03-10,1,1,1.0
2025-03-11,0,1,0.0
2025-03-12,1,1,1.0
2025-03-13,0,1,0.0
2025-03-14,1,1,1.0
2025-03-15,1,1,1.0
2025-03-16,1,1,1.0
2025-03-17,0,1,0.0
2025-03-18,1,1,1.0
2025-03-19,1,1,1.0
2025-03-20,1,1,1.0
2025-03-21,0,1,0.0
2025-03-22,1,1,1.0
2025-03-23,1,1,1.0
2025-03-24,1,1,1.0
2025-03-25,1,1,1.0
2025-03-26,0,1,0.0
2025-03-27,0,1,0.0
2025-03-28,0,1,0.0
2025-03-29,1,1,1.0
2025-03-30,1,1,1.0
2025-03-31,0,1,0.0
2025-04-01,1,1,1.0
2025-04-02,1,1,1.0
2025-04-03,1,1,1.0
2025-04-04,1,1,1.0
2025-04-05,1,1,1.0
2025-04-06,0,1,0.0
2025-04-07,1,1,1.0
2025-04-08,1,1,1.0
2025-04-09,1,1,1.0
2025-04-10,1,1,1.0
2025-04-11,0,1,0.0
2025-04-12,1,1,1.0
2025-04-13,1,1,1.0
2025-04-14,1,1,1.0
2025-04-15,1,1,1.0
2025-04-16,1,1,1.0
2025-04-17,1,1,1.0
2025-04-18,1,1,1.0
2025-04-19,1,1,1.0
2025-04-20,1,1,1.0
2025-04-21,0,1,0.0
2025-04-22,1,1,1.0
2025-04-23,0,1,0.0
2025-04-24,0,1,0.0
2025-04-25,0,1,0.0
2025-04-26,1,1,1.0
2025-04-27,1,1,1.0
2025-04-28,1,1,1.0
2025-04-29,1,1,1.0
2025-04-30,1,1,1.0
2025-05-01,1,1,1.0
2025-05-02,1,1,1.0
2025-05-03,1,1,1.0
2025-05-04,1,1,1.0
2025-05-05,0,1,0.0
2025-05-06,0,1,0.0
2025-05-07,1,1,1.0
2025-05-08,0,1,0.0
2025-05-09,1,1,1.0
2025-05-10,0,1,0.0
2025-05-11,1,1,1.0
2025-05-12,0,1,0.0
2025-05-13,1,1,1.0
2025-05-14,0,1,0.0
2025-05-15,0,1,0.0
2025-05-16,0,1,0.0
2025-05-17,1,1,1.0
2025-05-18,0,1,0.0
2025-05-19,1,1,1.0
2025-05-20,0,1,0.0
2025-05-21,1,1,1.0
2025-05-22,1,1,1.0
2025-05-23,1,1,1.0
2025-05-24,1,1,1.0
2025-05-25,1,1,1.0
2025-05-26,0,1,0.0
2025-05-27,1,1,1.0
2025-05-28,1,1,1.0
2025-05-29,1,1,1.0
2025-05-30,1,1,1.0
2025-05-31,1,1,1.0
2025-06-01,0,1,0.0
2025-06-02,1,1,1.0
2025-06-03,1,1,1.0
2025-06-04,1,1,1.0
2025-06-05,1,1,1.0
2025-06-06,1,1,1.0
2025-06-07,1,1,1.0
2025-06-08,1,1,1.0
2025-06-09,0,1,0.0
2025-06-10,1,1,1.0
2025-06-11,1,1,1.0
2025-06-12,1,1,1.0
2025-06-13,0,1,0.0
2025-06-14,1,1,1.0
2025-06-15,0,1,0.0
2025-06-16,1,1,1.0
2025-06-17,1,1,1.0
2025-06-18,1,1,1.0
2025-06-19,0,1,0.0
2025-06-20,1,1,1.0
2025-06-21,1,1,1.0
2025-06-22,1,1,1.0
2025-06-23,1,1,1.0
2025-06-24,1,1,1.0
2025-06-25,1,1,1.0
2025-06-26,1,1,1.0
2025-06-27,0,1,0.0
2025-06-28,1,1,1.0
2025-06-29,1,1,1.0
2025-06-30,1,1,1.0
2025-07-01,1,1,1.0
2025-07-02,1,1,1.0
2025-07-03,1,1,1.0
2025-07-04,1,1,1.0
2025-07-05,1,1,1.0
2025-07-06,1,1,1.0
2025-07-07,1,1,1.0
2025-07-08,1,1,1.0
2025-07-09,1,1,1.0
2025-07-10,1,1,1.0
2025-07-11,1,1,1.0
2025-07-12,1,1,1.0
2025-07-13,1,1,1.0
2025-07-14,0,1,0.0
2025-07-15,1,1,1.0
2025-07-16,1,1,1.0
2025-07-17,1,1,1.0
2025-07-18,1,1,1.0
2025-07-19,0,1,0.0
2025-07-20,0,1,0.0
2025-07-21,1,1,1.0
2025-07-22,1,1,1.0
2025-07-23,1,1,1.0
2025-07-24,1,1,1.0
2025-07-25,1,1,1.0
2025-07-26,1,1,1.0
2025-07-27,1,1,1.0
2025-07-28,0,1,0.0
2025-07-29,1,1,1.0
2025-07-30,1,1,1.0
2025-07-31,1,1,1.0
2025-08-01,1,1,1.0
2025-08-02,1,1,1.0
2025-08-03,1,1,1.0
2025-08-04,1,1,1.0
2025-08-05,0,1,0.0
2025-08-06,1,1,1.0
2025-08-07,1,1,1.0
2025-08-08,1,1,1.0
2025-08-09,1,1,1.0
2025-08-10,0,1,0.0
2025-08-11,1,1,1.0
2025-08-12,1,1,1.0
2025-08-13,1,1,1.0
2025-08-14,0,1,0.0
2025-08-15,1,1,1.0
2025-08-16,0,1,0.0
2025-08-17,0,1,0.0
2025-08-18,1,1,1.0
2025-08-19,0,1,0.0
2025-08-20,0,1,0.0
2025-08-21,1,1,1.0
2025-08-22,1,1,1.0
2025-08-23,1,1,1.0
2025-08-24,0,1,0.0
2025-08-25,0,1,0.0
2025-08-26,0,1,0.0
2025-08-27,1,1,1.0
2025-08-28,0,1,0.0
2025-08-29,1,1,1.0
2025-08-30,0,1,0.0
2025-08-31,1,1,1.0
2025-09-01,1,1,1.0
2025-09-02,0,1,0.0
2025-09-03,0,1,0.0
2025-09-04,0,1,0.0
2025-09-05,1,1,1.0
2025-09-06,1,1,1.0
2025-09-07,1,1,1.0
2025-09-08,1,1,1.0
2025-09-09,0,1,0.0
2025-09-10,1,1,1.0
2025-09-11,1,1,1.0
2025-09-12,1,1,1.0
2025-09-13,0,1,0.0
2025-09-14,1,1,1.0
2025-09-15,0,1,0.0
2025-09-16,1,1,1.0
2025-09-17,1,1,1.0
2025-09-18,0,1,0.0
2025-09-19,1,1,1.0
2025-09-20,0,1,0.0
2025-09-21,1,1,1.0
2025-09-22,1,1,1.0
2025-09-23,0,1,0.0
2025-09-24,1,1,1.0
2025-09-25,1,1,1.0
2025-09-26,1,1,1.0
2025-09-27,1,1,1.0
2025-09-28,1,1,1.0
2025-09-29,1,1,1.0
2025-09-30,1,1,1.0
2025-10-01,0,1,0.0
2025-10-02,1,1,1.0
2025-10-03,1,1,1.0
2025-10-04,1,1,1.0
2025-10-05,1,1,1.0
2025-10-06,1,1,1.0
2025-10-07,1,1,1.0
2025-10-08,1,1,1.0
2025-10-09,0,1,0.0
2025-10-10,1,1,1.0
2025-10-11,1,1,1.0
2025-10-12,1,1,1.0
2025-10-13,1,1,1.0
2025-10-14,1,1,1.0
2025-10-15,1,1,1.0
2025-10-16,0,1,0.0
2025-10-17,1,1,1.0
2025-10-18,1,1,1.0
2025-10-19,1,1,1.0
2025-10-20,1,1,1.0
2025-10-21,1,1,1.0
2025-10-22,1,1,1.0
2025-10-23,1,1,1.0
2025-10-24,1,1,1.0
2025-10-25,1,1,1.0
2025-10-26,1,1,1.0
2025-10-27,0,1,0.0
2025-10-28,0,1,0.0
2025-10-29,1,1,1.0
2025-10-30,0,1,0.0
2025-10-31,1,1,1.0
2025-11-01,0,1,0.0
2025-11-02,1,1,1.0
2025-11-03,1,1,1.0
2025-11-04,1,1,1.0
2025-11-05,1,1,1.0
2025-11-06,1,1,1.0
2025-11-07,0,1,0.0
2025-11-08,1,1,1.0
2025-11-09,1,1,1.0
2025-11-10,0,1,0.0
2025-11-11,1,1,1.0
2025-11-12,1,1,1.0
2025-11-13,0,1,0.0
2025-11-14,0,1,0.0
2025-11-15,1,1,1.0
2025-11-16,0,1,0.0
2025-11-17,1,1,1.0
2025-11-18,0,1,0.0
2025-11-19,0,1,0.0
2025-11-20,1,1,1.0
2025-11-21,0,1,0.0
2025-11-22,1,1,1.0
2025-11-23,1,1,1.0
2025-11-24,1,1,1.0
2025-11-25,1,1,1.0
2025-11-26,1,1,1.0
2025-11-27,0,1,0.0
2025-11-28,1,1,1.0
2025-11-29,1,1,1.0
2025-11-30,1,1,1.0
2025-12-01,1,1,1.0
2025-12-02,1,1,1.0
2025-12-03,1,1,1.0
2025-12-04,1,1,1.0
2025-12-05,0,1,0.0
2025-12-06,1,1,1.0
2025-12-07,0,1,0.0
2025-12-08,0,1,0.0
2025-12-09,0,1,0.0
2025-12-10,1,1,1.0
2025-12-11,1,1,1.0
2025-12-12,1,1,1.0
2025-12-13,0,1,0.0
2025-12-14,0,1,0.0
2025-12-15,1,1,1.0
2025-12-16,0,1,0.0
2025-12-17,1,1,1.0
2025-12-18,0,1,0.0
2025-12-19,1,1,1.0
2025-12-20,0,1,0.0
2025-12-21,0,1,0.0
2025-12-22,0,1,0.0
2025-12-23,1,1,1.0
2025-12-24,1,1,1.0
2025-12-25,1,1,1.0
2025-12-26,1,1,1.0
2025-12-27,0,1,0.0
2025-12-28,1,1,1.0
2025-12-29,1,1,1.0
2025-12-30,1,1,1.0
2025-12-31,1,1,1.0
2026-01-01,1,1,1.0
2026-01-02,1,1,1.0
2026-01-03,1,1,1.0
2026-01-04,0,1,0.0
2026-01-05,1,1,1.0
2026-01-06,1,1,1.0
2026-01-07,1,1,1.0
2026-01-08,1,1,1.0
2026-01-09,1,1,1.0
2026-01-10,0,1,0.0
2026-01-11,0,1,0.0
2026-01-12,1,1,1.0
2026-01-13,1,1,1.0
2026-01-14,0,1,0.0
2026-01-15,1,1,1.0
2026-01-16,1,1,1.0
2026-01-17,1,1,1.0
2026-01-18,1,1,1.0
2026-01-19,0,1,0.0
2026-01-20,1,1,1.0
2026-01-21,0,1,0.0
2026-01-22,1,1,1.0
2026-01-23,1,1,1.0
2026-01-24,1,1,1.0
2026-01-25,1,1,1.0
2026-01-26,1,1,1.0
2026-01-27,1,1,1.0
2026-01-28,0,1,0.0
2026-01-29,1,1,1.0
2026-01-30,1,1,1.0
2026-01-31,1,1,1.0
2026-02-01,0,1,0.0
2026-02-02,0,1,0.0
2026-02-03,1,1,1.0
2026-02-04,1,1,1.0
2026-02-05,1,1,1.0
2026-02-06,1,1,1.0
2026-02-07,1,1,1.0
2026-02-08,0,1,0.0
2026-02-09,1,1,1.0
2026-02-10,1,1,1.0
2026-02-11,1,1,1.0
2026-02-12,1,1,1.0
2026-02-13,1,1,1.0
2026-02-14,1,1,1.0
2026-02-15,0,1,0.0
2026-02-16,1,1,1.0
2026-02-17,1,1,1.0
2026-02-18,1,1,1.0
2026-02-19,0,1,0.0
2026-02-20,1,1,1.0
2026-02-21,1,1,1.0
2026-02-22,1,1,1.0
2026-02-23,1,1,1.0
2026-02-24,1,1,1.0
2026-02-25,1,1,1.0
2026-02-26,1,1,1.0
2026-02-27,0,1,0.0
2026-02-28,1,1,1.0
2026-03-01,1,1,1.0
2026-03-02,1,1,1.0
2026-03-03,1,1,1.0
2026-03-04,0,1,0.0
2026-03-05,1,1,1.0
2026-03-06,1,1,1.0
2026-03-07,1,1,1.0
2026-03-08,1,1,1.0
2026-03-09,0,1,0.0
2026-03-10,1,1,1.0
2026-03-11,1,1,1.0
2026-03-12,1,1,1.0
2026-03-13,1,1,1.0
2026-03-14,0,1,0.0
2026-03-15,1,1,1.0
2026-03-16,1,1,1.0
2026-03-17,1,1,1.0
2026-03-18,0,1,0.0
2026-03-19,0,1,0.0
2026-03-20,1,1,1.0
2026-03-21,0,1,0.0
2026-03-22,1,1,1.0
2026-03-23,0,1,0.0
2026-03-24,0,1,0.0
2026-03-25,1,1,1.0
2026-03-26,1,1,1.0
2026-03-27,0,1,0.0
2026-03-28,1,1,1.0
2026-03-29,0,1,0.0
2026-03-30,0,1,0.0
2026-03-31,1,1,1.0
2026-04-01,0,1,0.0
2026-04-02,0,1,0.0
2026-04-03,1,1,1.0
2026-04-04,1,1,1.0
2026-04-05,1,1,1.0
2026-04-06,1,1,1.0
2026-04-07,0,1,0.0
2026-04-08,1,1,1.0
2026-04-09,1,1,1.0
2026-04-10,0,1,0.0
2026-04-11,0,1,0.0
2026-04-12,0,1,0.0
2026-04-13,1,1,1.0
2026-04-14,1,1,1.0
2026-04-15,1,1,1.0
2026-04-16,0,1,0.0
2026-04-17,1,1,1.0
2026-04-18,1,1,1.0
2026-04-19,1,1,1.0
2026-04-20,0,1,0.0
2026-04-21,1,1,1.0
2026-04-22,1,1,1.0
2026-04-23,0,1,0.0
2026-04-24,1,1,1.0
2026-04-25,1,1,1.0
2026-04-26,1,1,1.0
2026-04-27,1,1,1.0
2026-04-28,0,1,0.0
2026-04-29,1,1,1.0
2026-04-30,0,1,0.0
2026-05-01,0,1,0.0
2026-05-02,1,1,1.0
2026-05-03,1,1,1.0
2026-05-04,0,1,0.0
2026-05-05,1,1,1.0
2026-05-06,1,1,1.0
2026-05-07,1,1,1.0
2026-05-08,1,1,1.0
2026-05-09,0,1,0.0
2026-05-10,1,1,1.0
2026-05-11,0,1,0.0
2026-05-12,1,1,1.0
2026-05-13,1,1,1.0
2026-05-14,0,1,0.0
2026-05-15,1,1,1.0
2026-05-16,1,1,1.0
2026-05-17,1,1,1.0
2026-05-18,1,1,1.0
2026-05-19,1,1,1.0
2026-05-20,0,1,0.0
2026-05-21,1,1,1.0
2026-05-22,1,1,1.0
2026-05-23,1,1,1.0
2026-05-24,1,1,1.0
2026-05-25,1,1,1.0
2026-05-26,1,1,1.0
2026-05-27,0,1,0.0
2026-05-28,0,1,0.0
2026-05-29,0,1,0.0
2026-05-30,1,1,1.0
2026-05-31,0,1,0.0
2026-06-01,1,1,1.0
2026-06-02,0,1,0.0
2026-06-03,1,1,1.0
2026-06-04,1,1,1.0
2026-06-05,1,1,1.0
2026-06-06,1,1,1.0
2026-06-07,1,1,1.0
2026-06-08,1,1,1.0
2026-06-09,1,1,1.0
2026-06-10,1,1,1.0
2026-06-11,1,1,1.0
2026-06-12,1,1,1.0
2026-06-13,1,1,1.0
2026-06-14,1,1,1.0
2026-06-15,1,1,1.0
2026-06-16,1,1,1.0
2026-06-17,1,1,1.0
2026-06-18,0,1,0.0
2026-06-19,1,1,1.0
2026-06-20,0,1,0.0
2026-06-21,1,1,1.0
2026-06-22,1,1,1.0
2026-06-23,0,1,0.0
2026-06-24,1,1,1.0
2026-06-25,0,1,0.0
2026-06-26,1,1,1.0
2026-06-27,1,1,1.0
2026-06-28,1,1,1.0
2026-06-29,0,1,0.0
2026-06-30,0,1,0.0
2026-07-01,0,1,0.0
2026-07-02,1,1,1.0
2026-07-03,0,1,0.0
2026-07-04,1,1,1.0
2026-07-05,1,1,1.0
2026-07-06,1,1,1.0
2026-07-07,1,1,1.0
2026-07-08,1,1,1.0
2026-07-09,1,1,1.0
2026-07-10,1,1,1.0
2026-07-11,0,1,0.0
2026-07-12,0,1,0.0
2026-07-13,1,1,1.0
2026-07-14,1,1,1.0
2026-07-15,1,1,1.0
2026-07-16,1,1,1.0
2026-07-17,0,1,0.0
2026-07-18,1,1,1.0
2026-07-19,1,1,1.0
2026-07-20,1,1,1.0
2026-07-21,1,1,1.0
2026-07-22,1,1,1.0
2026-07-23,1,1,1.0
2026-07-24,1,1,1.0
2026-07-25,1,1,1.0
2026-07-26,0,1,0.0
2026-07-27,0,1,0.0
2026-07-28,0,1,0.0
2026-07-29,1,1,1.0
2026-07-30,0,1,0.0
2026-07-31,1,1,1.0
2026-08-01,1,1,1.0
2026-08-02,1,1,1.0
2026-08-03,1,1,1.0
2026-08-04,0,1,0.0
2026-08-05,0,1,0.0
2026-08-06,0,1,0.0
2026-08-07,0,1,0.0
2026-08-08,0,1,0.0
2026-08-09,1,1,1.0
2026-08-10,1,1,1.0
2026-08-11,0,1,0.0
2026-08-12,0,1,0.0
2026-08-13,1,1,1.0
2026-08-14,0,1,0.0
2026-08-15,0,1,0.0
2026-08-16,0,1,0.0
2026-08-17,1,1,1.0
2026-08-18,1,1,1.0
2026-08-19,0,1,0.0
2026-08-20,0,1,0.0
2026-08-21,1,1,1.0
2026-08-22,1,1,1.0
2026-08-23,1,1,1.0
2026-08-24,1,1,1.0
2026-08-25,0,1,0.0
2026-08-26,1,1,1.0
2026-08-27,1,1,1.0
2026-08-28,1,1,1.0
2026-08-29,0,1,0.0
2026-08-30,0,1,0.0
2026-08-31,1,1,1.0
2026-09-01,1,1,1.0
2026-09-02,1,1,1.0
2026-09-03,1,1,1.0
2026-09-04,1,1,1.0
2026-09-05,1,1,1.0
2026-09-06,1,1,1.0
2026-09-07,1,1,1.0
2026-09-08,0,1,0.0
2026-09-09,1,1,1.0
2026-09-10,0,1,0.0
2026-09-11,0,1,0.0
2026-09-12,1,1,1.0
2026-09-13,1,1,1.0
2026-09-14,0,1,0.0
2026-09-15,0,1,0.0
2026-09-16,1,1,1.0
2026-09-17,0,1,0.0
2026-09-18,1,1,1.0
2026-09-19,1,1,1.0
2026-09-20,1,1,1.0
2026-09-21,0,1,0.0
2026-09-22,1,1,1.0
2026-09-23,1,1,1.0
2026-09-24,0,1,0.0
2026-09-25,1,1,1.0
2026-09-26,0,1,0.0
2026-09-27,0,1,0.0
2026-09-28,1,1,1.0
2026-09-29,0,1,0.0
2026-09-30,1,1,1.0
2026-10-01,0,1,0.0
2026-10-02,1,1,1.0
2026-10-03,1,1,1.0
2026-10-04,1,1,1.0
2026-10-05,0,1,0.0
2026-10-06,0,1,0.0
2026-10-07,1,1,1.0
2026-10-08,1,1,1.0
2026-10-09,1,1,1.0
2026-10-10,0,1,0.0
2026-10-11,1,1,1.0
2026-10-12,1,1,1.0
2026-10-13,1,1,1.0
2026-10-14,0,1,0.0
2026-10-15,0,1,0.0
2026-10-16,1,1,1.0
2026-10-17,0,1,0.0
2026-10-18,1,1,1.0
2026-10-19,1,1,1.0
2026-10-20,1,1,1.0
2026-10-21,1,1,1.0
2026-10-22,1,1,1.0
2026-10-23,1,1,1.0
2026-10-24,0,1,0.0
2026-10-25,1,1,1.0
2026-10-26,1,1,1.0
2026-10-27,1,1,1.0
2026-10-28,1,1,1.0
2026-10-29,0,1,0.0
2026-10-30,1,1,1.0
2026-10-31,1,1,1.0
2026-11-01,1,1,1.0
2026-11-02,0,1,0.0
2026-11-03,1,1,1.0
2026-11-04,1,1,1.0
2026-11-05,1,1,1.0
2026-11-06,1,1,1.0
2026-11-07,1,1,1.0
2026-11-08,1,1,1.0
2026-11-09,1,1,1.0
2026-11-10,1,1,1.0
2026-11-11,1,1,1.0
2026-11-12,0,1,0.0
2026-11-13,1,1,1.0
2026-11-14,1,1,1.0
2026-11-15,0,1,0.0
2026-11-16,1,1,1.0
2026-11-17,0,1,0.0
2026-11-18,1,1,1.0
2026-11-19,1,1,1.0
2026-11-20,0,1,0.0
2026-11-21,0,1,0.0
2026-11-22,1,1,1.0
2026-11-23,0,1,0.0
2026-11-24,0,1,0.0
2026-11-25,1,1,1.0
2026-11-26,1,1,1.0
2026-11-27,1,1,1.0
2026-11-28,1,1,1.0
2026-11-29,1,1,1.0
2026-11-30,1,1,1.0
2026-12-01,1,1,1.0
2026-12-02,1,1,1.0
2026-12-03,1,1,1.0
2026-12-04,1,1,1.0
2026-12-05,1,1,1.0
2026-12-06,1,1,1.0
2026-12-07,1,1,1.0
2026-12-08,1,1,1.0
2026-12-09,1,1,1.0
2026-12-10,0,1,0.0
2026-12-11,1,1,1.0
2026-12-12,1,1,1.0
2026-12-13,1,1,1.0
2026-12-14,1,1,1.0
2026-12-15,1,1,1.0
2026-12-16,1,1,1.0
2026-12-17,1,1,1.0
2026-12-18,0,1,0.0
2026-12-19,1,1,1.0
2026-12-20,1,1,1.0
2026-12-21,0,1,0.0
2026-12-22,1,1,1.0
2026-12-23,1,1,1.0
2026-12-24,1,1,1.0
2026-12-25,0,1,0.0
2026-12-26,0,1,0.0
2026-12-27,0,1,0.0
2026-12-28,1,1,1.0
2026-12-29,1,1,1.0
2026-12-30,0,1,0.0
2026-12-31,0,1,0.0
2027-01-01,1,1,1.0
2027-01-02,1,1,1.0
2027-01-03,1,1,1.0
2027-01-04,0,1,0.0
2027-01-05,1,1,1.0
2027-01-06,1,1,1.0
2027-01-07,0,1,0.0
2027-01-08,1,1,1.0
2027-01-09,1,1,1.0
2027-01-10,1,1,1.0
2027-01-11,1,1,1.0
2027-01-12,1,1,1.0
2027-01-13,1,1,1.0
2027-01-14,0,1,0.0
2027-01-15,1,1,1.0
2027-01-16,0,1,0.0
2027-01-17,1,1,1.0
2027-01-18,1,1,1.0
2027-01-19,1,1,1.0
2027-01-20,1,1,1.0
2027-01-21,1,1,1.0
2027-01-22,0,1,0.0
2027-01-23,0,1,0.0
2027-01-24,0,1,0.0
2027-01-25,1,1,1.0
2027-01-26,1,1,1.0
2027-01-27,1,1,1.0
2027-01-28,0,1,0.0
2027-01-29,1,1,1.0
2027-01-30,1,1,1.0
2027-01-31,0,1,0.0
2027-02-01,1,1,1.0
2027-02-02,1,1,1.0
2027-02-03,1,1,1.0
2027-02-04,1,1,1.0
2027-02-05,1,1,1.0
2027-02-06,1,1,1.0
2027-02-07,1,1,1.0
2027-02-08,1,1,1.0
2027-02-09,1,1,1.0
2027-02-10,0,1,0.0
2027-02-11,1,1,1.0
2027-02-12,1,1,1.0
2027-02-13,1,1,1.0
2027-02-14,1,1,1.0
2027-02-15,1,1,1.0
2027-02-16,1,1,1.0
2027-02-17,1,1,1.0
2027-02-18,0,1,0.0
2027-02-19,1,1,1.0
2027-02-20,1,1,1.0
2027-02-21,1,1,1.0
2027-02-22,0,1,0.0
2027-02-23,0,1,0.0
2027-02-24,1,1,1.0
2027-02-25,0,1,0.0
2027-02-26,0,1,0.0
2027-02-27,1,1,1.0
2027-02-28,1,1,1.0
2027-03-01,1,1,1.0
2027-03-02,1,1,1.0
2027-03-03,1,1,1.0
2027-03-04,1,1,1.0
2027-03-05,1,1,1.0
2027-03-06,1,1,1.0
2027-03-07,1,1,1.0
2027-03-08,1,1,1.0
2027-03-09,1,1,1.0
2027-03-10,0,1,0.0
2027-03-11,1,1,1.0
2027-03-12,0,1,0.0
2027-03-13,1,1,1.0
2027-03-14,0,1,0.0
2027-03-15,1,1,1.0
2027-03-16,1,1,1.0
2027-03-17,1,1,1.0
2027-03-18,1,1,1.0
2027-03-19,1,1,1.0
2027-03-20,1,1,1.0
2027-03-21,1,1,1.0
2027-03-22,1,1,1.0
2027-03-23,0,1,0.0
2027-03-24,1,1,1.0
2027-03-25,1,1,1.0
2027-03-26,1,1,1.0
2027-03-27,0,1,0.0
2027-03-28,1,1,1.0
2027-03-29,1,1,1.0
2027-03-30,0,1,0.0
2027-03-31,1,1,1.0
2027-04-01,1,1,1.0
2027-04-02,1,1,1.0
2027-04-03,1,1,1.0
2027-04-04,1,1,1.0
2027-04-05,1,1,1.0
2027-04-06,1,1,1.0
2027-04-07,1,1,1.0
2027-04-08,1,1,1.0
2027-04-09,1,1,1.0
2027-04-10,1,1,1.0
2027-04-11,1,1,1.0
2027-04-12,1,1,1.0
2027-04-13,1,1,1.0
2027-04-14,0,1,0.0
2027-04-15,0,1,0.0
2027-04-16,1,1,1.0
2027-04-17,0,1,0.0
2027-04-18,1,1,1.0
2027-04-19,0,1,0.0
2027-04-20,1,1,1.0
2027-04-21,1,1,1.0
2027-04-22,1,1,1.0
2027-04-23,0,1,0.0
2027-04-24,1,1,1.0
2027-04-25,1,1,1.0
2027-04-26,1,1,1.0
2027-04-27,0,1,0.0
2027-04-28,0,1,0.0
2027-04-29,1,1,1.0
2027-04-30,0,1,0.0
2027-05-01,1,1,1.0
2027-05-02,1,1,1.0
2027-05-03,1,1,1.0
2027-05-04,0,1,0.0
2027-05-05,0,1,0.0
2027-05-06,1,1,1.0
2027-05-07,1,1,1.0
2027-05-08,1,1,1.0
2027-05-09,1,1,1.0
2027-05-10,0,1,0.0
2027-05-11,1,1,1.0
2027-05-12,1,1,1.0
2027-05-13,1,1,1.0
2027-05-14,0,1,0.0
2027-05-15,0,1,0.0
2027-05-16,1,1,1.0
2027-05-17,1,1,1.0
2027-05-18,1,1,1.0
2027-05-19,1,1,1.0
2027-05-20,0,1,0.0
2027-05-21,0,1,0.0
2027-05-22,0,1,0.0
2027-05-23,1,1,1.0
2027-05-24,1,1,1.0
2027-05-25,1,1,1.0
2027-05-26,1,1,1.0
2027-05-27,0,1,0.0
2027-05-28,0,1,0.0
2027-05-29,0,1,0.0
2027-05-30,1,1,1.0
2027-05-31,1,1,1.0
2027-06-01,1,1,1.0
2027-06-02,0,1,0.0
2027-06-03,0,1,0.0
2027-06-04,0,1,0.0
2027-06-05,0,1,0.0
2027-06-06,1,1,1.0
2027-06-07,1,1,1.0
2027-06-08,1,1,1.0
2027-06-09,0,1,0.0
2027-06-10,0,1,0.0
2027-06-11,1,1,1.0
2027-06-12,1,1,1.0
2027-06-13,1,1,1.0
2027-06-14,0,1,0.0
2027-06-15,0,1,0.0
2027-06-16,1,1,1.0
2027-06-17,1,1,1.0
2027-06-18,1,1,1.0
2027-06-19,0,1,0.0
2027-06-20,1,1,1.0
2027-06-21,0,1,0.0
2027-06-22,1,1,1.0
2027-06-23,0,1,0.0
2027-06-24,0,1,0.0
2027-06-25,0,1,0.0
2027-06-26,1,1,1.0
2027-06-27,1,1,1.0
2027-06-28,0,1,0.0
2027-06-29,1,1,1.0
2027-06-30,1,1,1.0
2027-07-01,1,1,1.0
2027-07-02,1,1,1.0
2027-07-03,1,1,1.0
2027-07-04,1,1,1.0
2027-07-05,1,1,1.0
2027-07-06,1,1,1.0
2027-07-07,0,1,0.0
2027-07-08,1,1,1.0
2027-07-09,1,1,1.0
2027-07-10,0,1,0.0
2027-07-11,1,1,1.0
2027-07-12,1,1,1.0
2027-07-13,1,1,1.0
2027-07-14,0,1,0.0
2027-07-15,1,1,1.0
2027-07-16,1,1,1.0
2027-07-17,1,1,1.0
2027-07-18,0,1,0.0
2027-07-19,1,1,1.0
2027-07-20,1,1,1.0
2027-07-21,1,1,1.0
2027-07-22,0,1,0.0
2027-07-23,0,1,0.0
2027-07-24,0,1,0.0
2027-07-25,1,1,1.0
2027-07-26,1,1,1.0
2027-07-27,1,1,1.0
2027-07-28,1,1,1.0
2027-07-29,1,1,1.0
2027-07-30,1,1,1.0
2027-07-31,0,1,0.0
2027-08-01,1,1,1.0
2027-08-02,1,1,1.0
2027-08-03,0,1,0.0
2027-08-04,1,1,1.0
2027-08-05,1,1,1.0
2027-08-06,1,1,1.0
2027-08-07,1,1,1.0
2027-08-08,0,1,0.0
2027-08-09,0,1,0.0
2027-08-10,1,1,1.0
2027-08-11,1,1,1.0
2027-08-12,1,1,1.0
2027-08-13,1,1,1.0
2027-08-14,1,1,1.0
2027-08-15,1,1,1.0
2027-08-16,1,1,1.0
2027-08-17,1,1,1.0
2027-08-18,1,1,1.0
2027-08-19,1,1,1.0
2027-08-20,0,1,0.0
2027-08-21,0,1,0.0
2027-08-22,1,1,1.0
2027-08-23,0,1,0.0
2027-08-24,1,1,1.0
2027-08-25,0,1,0.0
2027-08-26,1,1,1.0
2027-08-27,0,1,0.0
2027-08-28,1,1,1.0
2027-08-29,1,1,1.0
2027-08-30,0,1,0.0
2027-08-31,1,1,1.0
2027-09-01,0,1,0.0
2027-09-02,1,1,1.0
2027-09-03,1,1,1.0
2027-09-04,1,1,1.0
2027-09-05,0,1,0.0
2027-09-06,1,1,1.0
2027-09-07,1,1,1.0
2027-09-08,1,1,1.0
2027-09-09,1,1,1.0
2027-09-10,1,1,1.0
2027-09-11,1,1,1.0
2027-09-12,1,1,1.0
2027-09-13,0,1,0.0
2027-09-14,1,1,1.0
2027-09-15,1,1,1.0
2027-09-16,1,1,1.0
2027-09-17,1,1,1.0
2027-09-18,1,1,1.0
2027-09-19,1,1,1.0
2027-09-20,0,1,0.0
2027-09-21,0,1,0.0
2027-09-22,1,1,1.0
2027-09-23,0,1,0.0
2027-09-24,1,1,1.0
2027-09-25,1,1,1.0
2027-09-26,1,1,1.0
2027-09-27,1,1,1.0
2027-09-28,1,1,1.0
2027-09-29,0,1,0.0
2027-09-30,0,1,0.0
2027-10-01,1,1,1.0
2027-10-02,0,1,0.0
2027-10-03,0,1,0.0
2027-10-04,0,1,0.0
2027-10-05,1,1,1.0
2027-10-06,0,1,0.0
2027-10-07,1,1,1.0
2027-10-08,1,1,1.0
2027-10-09,1,1,1.0
2027-10-10,0,1,0.0
2027-10-11,1,1,1.0
2027-10-12,0,1,0.0
2027-10-13,1,1,1.0
2027-10-14,0,1,0.0
2027-10-15,0,1,0.0
2027-10-16,1,1,1.0
2027-10-17,0,1,0.0
2027-10-18,1,1,1.0
2027-10-19,1,1,1.0
2027-10-20,1,1,1.0
2027-10-21,1,1,1.0
2027-10-22,1,1,1.0
2027-10-23,1,1,1.0
2027-10-24,1,1,1.0
2027-10-25,1,1,1.0
2027-10-26,1,1,1.0
2027-10-27,0,1,0.0
2027-10-28,1,1,1.0
2027-10-29,1,1,1.0
2027-10-30,1,1,1.0
2027-10-31,0,1,0.0
2027-11-01,0,1,0.0
2027-11-02,1,1,1.0
2027-11-03,0,1,0.0
2027-11-04,1,1,1.0
2027-11-05,1,1,1.0
2027-11-06,1,1,1.0
2027-11-07,0,1,0.0
2027-11-08,1,1,1.0
2027-11-09,1,1,1.0
2027-11-10,1,1,1.0
2027-11-11,0,1,0.0
2027-11-12,0,1,0.0
2027-11-13,0,1,0.0
2027-11-14,1,1,1.0
2027-11-15,1,1,1.0
2027-11-16,1,1,1.0
2027-11-17,1,1,1.0
2027-11-18,1,1,1.0
2027-11-19,1,1,1.0
2027-11-20,1,1,1.0
2027-11-21,0,1,0.0
2027-11-22,1,1,1.0
2027-11-23,1,1,1.0
2027-11-24,1,1,1.0
2027-11-25,1,1,1.0
2027-11-26,1,1,1.0
2027-11-27,1,1,1.0
2027-11-28,0,1,0.0
2027-11-29,1,1,1.0
2027-11-30,1,1,1.0
2027-12-01,0,1,0.0
2027-12-02,1,1,1.0
2027-12-03,1,1,1.0
2027-12-04,1,1,1.0
2027-12-05,0,1,0.0
2027-12-06,1,1,1.0
2027-12-07,1,1,1.0
2027-12-08,1,1,1.0
2027-12-09,0,1,0.0
2027-12-10,1,1,1.0
2027-12-11,1,1,1.0
2027-12-12,1,1,1.0
2027-12-13,0,1,0.0
2027-12-14,0,1,0.0
2027-12-15,0,1,0.0
2027-12-16,0,1,0.0
2027-12-17,1,1,1.0
2027-12-18,1,1,1.0
2027-12-19,1,1,1.0
2027-12-20,1,1,1.0
2027-12-21,1,1,1.0
2027-12-22,0,1,0.0
2027-12-23,1,1,1.0
2027-12-24,1,1,1.0
2027-12-25,1,1,1.0
2027-12-26,0,1,0.0
2027-12-27,1,1,1.0
2027-12-28,0,1,0.0
2027-12-29,0,1,0.0
2027-12-30,1,1,1.0
2027-12-31,0,1,0.0
2028-01-01,1,1,1.0
2028-01-02,1,1,1.0
2028-01-03,1,1,1.0
2028-01-04,0,1,0.0
2028-01-05,0,1,0.0
2028-01-06,1,1,1.0
2028-01-07,0,1,0.0
2028-01-08,1,1,1.0
2028-01-09,1,1,1.0
2028-01-10,1,1,1.0
2028-01-11,1,1,1.0
2028-01-12,1,1,1.0
2028-01-13,0,1,0.0
2028-01-14,0,1,0.0
2028-01-15,1,1,1.0
2028-01-16,1,1,1.0
2028-01-17,0,1,0.0
2028-01-18,0,1,0.0
2028-01-19,0,1,0.0
2028-01-20,0,1,0.0
2028-01-21,1,1,1.0
2028-01-22,1,1,1.0
2028-01-23,0,1,0.0
2028-01-24,1,1,1.0
2028-01-25,1,1,1.0
2028-01-26,0,1,0.0
2028-01-27,1,1,1.0
2028-01-28,1,1,1.0
2028-01-29,1,1,1.0
2028-01-30,0,1,0.0
2028-01-31,1,1,1.0
2028-02-01,1,1,1.0
2028-02-02,0,1,0.0
2028-02-03,0,1,0.0
2028-02-04,0,1,0.0
2028-02-05,1,1,1.0
2028-02-06,1,1,1.0
2028-02-07,1,1,1.0
2028-02-08,1,1,1.0
2028-02-09,1,1,1.0
2028-02-10,0,1,0.0
2028-02-11,1,1,1.0
2028-02-12,1,1,1.0
2028-02-13,0,1,0.0
2028-02-14,1,1,1.0
2028-02-15,1,1,1.0
2028-02-16,1,1,1.0
2028-02-17,0,1,0.0
2028-02-18,1,1,1.0
2028-02-19,0,1,0.0
2028-02-20,1,1,1.0
2028-02-21,1,1,1.0
2028-02-22,1,1,1.0
2028-02-23,1,1,1.0
2028-02-24,0,1,0.0
2028-02-25,1,1,1.0
2028-02-26,1,1,1.0
2028-02-27,0,1,0.0
2028-02-28,0,1,0.0
2028-02-29,1,1,1.0
2028-03-01,0,1,0.0
2028-03-02,0,1,0.0
2028-03-03,0,1,0.0
2028-03-04,0,1,0.0
2028-03-05,1,1,1.0
2028-03-06,0,1,0.0
2028-03-07,0,1,0.0
2028-03-08,1,1,1.0
2028-03-09,0,1,0.0
2028-03-10,1,1,1.0
2028-03-11,1,1,1.0
2028-03-12,1,1,1.0
2028-03-13,1,1,1.0
2028-03-14,1,1,1.0
2028-03-15,1,1,1.0
2028-03-16,1,1,1.0
2028-03-17,1,1,1.0
2028-03-18,1,1,1.0
2028-03-19,1,1,1.0
2028-03-20,1,1,1.0
2028-03-21,1,1,1.0
2028-03-22,0,1,0.0
2028-03-23,1,1,1.0
2028-03-24,1,1,1.0
2028-03-25,1,1,1.0
2028-03-26,1,1,1.0
2028-03-27,0,1,0.0
2028-03-28,0,1,0.0
2028-03-29,1,1,1.0
2028-03-30,1,1,1.0
2028-03-31,1,1,1.0
2028-04-01,0,1,0.0
2028-04-02,1,1,1.0
2028-04-03,0,1,0.0
2028-04-04,0,1,0.0
2028-04-05,1,1,1.0
2028-04-06,1,1,1.0
2028-04-07,1,1,1.0
2028-04-08,0,1,0.0
2028-04-09,0,1,0.0
2028-04-10,1,1,1.0
2028-04-11,1,1,1.0
2028-04-12,1,1,1.0
2028-04-13,0,1,0.0
2028-04-14,1,1,1.0
2028-04-15,0,1,0.0
2028-04-16,1,1,1.0
2028-04-17,0,1,0.0
2028-04-18,1,1,1.0
2028-04-19,1,1,1.0
2028-04-20,0,1,0.0
2028-04-21,0,1,0.0
2028-04-22,1,1,1.0
2028-04-23,1,1,1.0
2028-04-24,1,1,1.0
2028-04-25,1,1,1.0
2028-04-26,1,1,1.0
2028-04-27,1,1,1.0
2028-04-28,1,1,1.0
2028-04-29,1,1,1.0
2028-04-30,1,1,1.0
2028-05-01,1,1,1.0
2028-05-02,0,1,0.0
2028-05-03,1,1,1.0
2028-05-04,1,1,1.0
2028-05-05,1,1,1.0
2028-05-06,0,1,0.0
2028-05-07,1,1,1.0
2028-05-08,1,1,1.0
2028-05-09,1,1,1.0
2028-05-10,0,1,0.0
2028-05-11,1,1,1.0
2028-05-12,1,1,1.0
2028-05-13,0,1,0.0
2028-05-14,1,1,1.0
2028-05-15,1,1,1.0
2028-05-16,0,1,0.0
2028-05-17,1,1,1.0
2028-05-18,1,1,1.0
2028-05-19,1,1,1.0
2028-05-20,1,1,1.0
2028-05-21,0,1,0.0
2028-05-22,0,1,0.0
2028-05-23,1,1,1.0
2028-05-24,1,1,1.0
2028-05-25,1,1,1.0
2028-05-26,0,1,0.0
2028-05-27,1,1,1.0
2028-05-28,1,1,1.0
2028-05-29,1,1,1.0
2028-05-30,1,1,1.0
2028-05-31,0,1,0.0
2028-06-01,0,1,0.0
2028-06-02,1,1,1.0
2028-06-03,1,1,1.0
2028-06-04,1,1,1.0
2028-06-05,0,1,0.0
2028-06-06,1,1,1.0
2028-06-07,1,1,1.0
2028-06-08,1,1,1.0
2028-06-09,0,1,0.0
2028-06-10,1,1,1.0
2028-06-11,1,1,1.0
2028-06-12,1,1,1.0
2028-06-13,1,1,1.0
2028-06-14,0,1,0.0
2028-06-15,1,1,1.0
2028-06-16,1,1,1.0
2028-06-17,0,1,0.0
2028-06-18,0,1,0.0
2028-06-19,0,1,0.0
2028-06-20,1,1,1.0
2028-06-21,1,1,1.0
2028-06-22,1,1,1.0
2028-06-23,1,1,1.0
2028-06-24,0,1,0.0
2028-06-25,0,1,0.0
2028-06-26,1,1,1.0
2028-06-27,1,1,1.0
2028-06-28,1,1,1.0
2028-06-29,1,1,1.0
2028-06-30,0,1,0.0
2028-07-01,1,1,1.0
2028-07-02,1,1,1.0
2028-07-03,0,1,0.0
2028-07-04,1,1,1.0
2028-07-05,0,1,0.0
2028-07-06,1,1,1.0
2028-07-07,1,1,1.0
2028-07-08,0,1,0.0
2028-07-09,1,1,1.0
2028-07-10,1,1,1.0
2028-07-11,1,1,1.0
2028-07-12,0,1,0.0
2028-07-13,1,1,1.0
2028-07-14,0,1,0.0
2028-07-15,1,1,1.0
2028-07-16,1,1,1.0
2028-07-17,1,1,1.0
2028-07-18,0,1,0.0
2028-07-19,1,1,1.0
2028-07-20,1,1,1.0
2028-07-21,1,1,1.0
2028-07-22,1,1,1.0
2028-07-23,0,1,0.0
2028-07-24,1,1,1.0
2028-07-25,1,1,1.0
2028-07-26,0,1,0.0
2028-07-27,1,1,1.0
2028-07-28,0,1,0.0
2028-07-29,1,1,1.0
2028-07-30,1,1,1.0
2028-07-31,1,1,1.0
2028-08-01,0,1,0.0
2028-08-02,1,1,1.0
2028-08-03,1,1,1.0
2028-08-04,0,1,0.0
2028-08-05,1,1,1.0
2028-08-06,0,1,0.0
2028-08-07,1,1,1.0
2028-08-08,1,1,1.0
2028-08-09,1,1,1.0
2028-08-10,1,1,1.0
2028-08-11,1,1,1.0
2028-08-12,1,1,1.0
2028-08-13,1,1,1.0
2028-08-14,1,1,1.0
2028-08-15,1,1,1.0
2028-08-16,0,1,0.0
2028-08-17,1,1,1.0
2028-08-18,1,1,1.0
2028-08-19,0,1,0.0
2028-08-20,1,1,1.0
2028-08-21,0,1,0.0
2028-08-22,1,1,1.0
2028-08-23,1,1,1.0
2028-08-24,1,1,1.0
2028-08-25,1,1,1.0
2028-08-26,1,1,1.0
2028-08-27,0,1,0.0
2028-08-28,1,1,1.0
2028-08-29,1,1,1.0
2028-08-30,0,1,0.0
2028-08-31,0,1,0.0
2028-09-01,1,1,1.0
2028-09-02,0,1,0.0
2028-09-03,1,1,1.0
2028-09-04,0,1,0.0
2028-09-05,1,1,1.0
2028-09-06,1,1,1.0
2028-09-07,0,1,0.0
2028-09-08,1,1,1.0
2028-09-09,1,1,1.0
2028-09-10,1,1,1.0
2028-09-11,1,1,1.0
2028-09-12,1,1,1.0
2028-09-13,0,1,0.0
2028-09-14,1,1,1.0
2028-09-15,1,1,1.0
2028-09-16,1,1,1.0
2028-09-17,0,1,0.0
2028-09-18,1,1,1.0
2028-09-19,0,1,0.0
2028-09-20,0,1,0.0
2028-09-21,1,1,1.0
2028-09-22,0,1,0.0
2028-09-23,1,1,1.0
2028-09-24,1,1,1.0
2028-09-25,0,1,0.0
2028-09-26,1,1,1.0
2028-09-27,0,1,0.0
2028-09-28,0,1,0.0
2028-09-29,1,1,1.0
2028-09-30,0,1,0.0
2028-10-01,1,1,1.0
2028-10-02,1,1,1.0
2028-10-03,0,1,0.0
2028-10-04,1,1,1.0
2028-10-05,1,1,1.0
2028-10-06,1,1,1.0
2028-10-07,0,1,0.0
2028-10-08,1,1,1.0
2028-10-09,1,1,1.0
2028-10-10,1,1,1.0
2028-10-11,0,1,0.0
2028-10-12,1,1,1.0
2028-10-13,1,1,1.0
2028-10-14,1,1,1.0
2028-10-15,1,1,1.0
2028-10-16,1,1,1.0
2028-10-17,1,1,1.0
2028-10-18,0,1,0.0
2028-10-19,1,1,1.0
2028-10-20,1,1,1.0
2028-10-21,1,1,1.0
2028-10-22,1,1,1.0
2028-10-23,0,1,0.0
2028-10-24,1,1,1.0
2028-10-25,1,1,1.0
2028-10-26,1,1,1.0
2028-10-27,0,1,0.0
2028-10-28,0,1,0.0
2028-10-29,1,1,1.0
2028-10-30,1,1,1.0
2028-10-31,1,1,1.0
2028-11-01,1,1,1.0
2028-11-02,1,1,1.0
2028-11-03,0,1,0.0
2028-11-04,1,1,1.0
2028-11-05,1,1,1.0
2028-11-06,0,1,0.0
2028-11-07,1,1,1.0
2028-11-08,1,1,1.0
2028-11-09,1,1,1.0
2028-11-10,1,1,1.0
2028-11-11,1,1,1.0
2028-11-12,1,1,1.0
2028-11-13,1,1,1.0
2028-11-14,1,1,1.0
2028-11-15,1,1,1.0
2028-11-16,0,1,0.0
2028-11-17,1,1,1.0
2028-11-18,0,1,0.0
2028-11-19,1,1,1.0
2028-11-20,0,1,0.0
2028-11-21,0,1,0.0
2028-11-22,1,1,1.0
2028-11-23,1,1,1.0
2028-11-24,0,1,0.0
2028-11-25,0,1,0.0
2028-11-26,1,1,1.0
2028-11-27,1,1,1.0
2028-11-28,0,1,0.0
2028-11-29,1,1,1.0
2028-11-30,1,1,1.0
2028-12-01,1,1,1.0
2028-12-02,0,1,0.0
2028-12-03,1,1,1.0
2028-12-04,1,1,1.0
2028-12-05,1,1,1.0
2028-12-06,1,1,1.0
2028-12-07,0,1,0.0
2028-12-08,1,1,1.0
2028-12-09,1,1,1.0
2028-12-10,1,1,1.0
2028-12-11,1,1,1.0
2028-12-12,1,1,1.0
2028-12-13,1,1,1.0
2028-12-14,1,1,1.0
2028-12-15,1,1,1.0
2028-12-16,1,1,1.0
2028-12-17,1,1,1.0
2028-12-18,0,1,0.0
2028-12-19,1,1,1.0
2028-12-20,0,1,0.0
2028-12-21,1,1,1.0
2028-12-22,1,1,1.0
2028-12-23,0,1,0.0
2028-12-24,0,1,0.0
2028-12-25,0,1,0.0
2028-12-26,1,1,1.0
2028-12-27,1,1,1.0
2028-12-28,1,1,1.0
2028-12-29,0,1,0.0
2028-12-30,0,1,0.0
2028-12-31,1,1,1.0
2029-01-01,1,1,1.0
2029-01-02,0,1,0.0
2029-01-03,1,1,1.0
2029-01-04,0,1,0.0
2029-01-05,0,1,0.0
2029-01-06,1,1,1.0
2029-01-07,1,1,1.0
2029-01-08,1,1,1.0
2029-01-09,1,1,1.0
2029-01-10,1,1,1.0
2029-01-11,1,1,1.0
2029-01-12,1,1,1.0
2029-01-13,1,1,1.0
2029-01-14,1,1,1.0
2029-01-15,1,1,1.0
2029-01-16,1,1,1.0
2029-01-17,1,1,1.0
2029-01-18,1,1,1.0
2029-01-19,1,1,1.0
2029-01-20,0,1,0.0
2029-01-21,1,1,1.0
2029-01-22,1,1,1.0
2029-01-23,1,1,1.0
2029-01-24,1,1,1.0
2029-01-25,1,1,1.0
2029-01-26,0,1,0.0
2029-01-27,1,1,1.0
2029-01-28,1,1,1.0
2029-01-29,1,1,1.0
2029-01-30,1,1,1.0
2029-01-31,0,1,0.0
2029-02-01,0,1,0.0
2029-02-02,0,1,0.0
2029-02-03,1,1,1.0
2029-02-04,1,1,1.0
2029-02-05,1,1,1.0
2029-02-06,1,1,1.0
2029-02-07,1,1,1.0
2029-02-08,1,1,1.0
2029-02-09,0,1,0.0
2029-02-10,1,1,1.0
2029-02-11,0,1,0.0
2029-02-12,0,1,0.0
2029-02-13,1,1,1.0
2029-02-14,1,1,1.0
2029-02-15,0,1,0.0
2029-02-16,0,1,0.0
2029-02-17,0,1,0.0
2029-02-18,1,1,1.0
2029-02-19,0,1,0.0
2029-02-20,1,1,1.0
2029-02-21,1,1,1.0
2029-02-22,1,1,1.0
2029-02-23,1,1,1.0
2029-02-24,1,1,1.0
2029-02-25,1,1,1.0
2029-02-26,1,1,1.0
2029-02-27,1,1,1.0
2029-02-28,1,1,1.0
2029-03-01,1,1,1.0
2029-03-02,0,1,0.0
2029-03-03,1,1,1.0
2029-03-04,1,1,1.0
2029-03-05,0,1,0.0
2029-03-06,0,1,0.0
2029-03-07,0,1,0.0
2029-03-08,0,1,0.0
2029-03-09,0,1,0.0
2029-03-10,1,1,1.0
2029-03-11,1,1,1.0
2029-03-12,1,1,1.0
2029-03-13,1,1,1.0
2029-03-14,0,1,0.0
2029-03-15,1,1,1.0
2029-03-16,1,1,1.0
2029-03-17,1,1,1.0
2029-03-18,1,1,1.0
2029-03-19,1,1,1.0
2029-03-20,0,1,0.0
2029-03-21,1,1,1.0
2029-03-22,0,1,0.0
2029-03-23,1,1,1.0
2029-03-24,1,1,1.0
2029-03-25,1,1,1.0
2029-03-26,1,1,1.0
2029-03-27,1,1,1.0
2029-03-28,1,1,1.0
2029-03-29,0,1,0.0
2029-03-30,1,1,1.0
2029-03-31,0,1,0.0
2029-04-01,1,1,1.0
2029-04-02,1,1,1.0
2029-04-03,0,1,0.0
2029-04-04,1,1,1.0
2029-04-05,1,1,1.0
2029-04-06,0,1,0.0
2029-04-07,1,1,1.0
2029-04-08,0,1,0.0
2029-04-09,1,1,1.0
2029-04-10,0,1,0.0
2029-04-11,1,1,1.0
2029-04-12,1,1,1.0
2029-04-13,1,1,1.0
2029-04-14,1,1,1.0
2029-04-15,1,1,1.0
2029-04-16,1,1,1.0
2029-04-17,1,1,1.0
2029-04-18,1,1,1.0
2029-04-19,1,1,1.0
2029-04-20,1,1,1.0
2029-04-21,1,1,1.0
2029-04-22,1,1,1.0
2029-04-23,1,1,1.0
2029-04-24,1,1,1.0
2029-04-25,0,1,0.0
2029-04-26,1,1,1.0
2029-04-27,1,1,1.0
2029-04-28,1,1,1.0
2029-04-29,1,1,1.0
2029-04-30,1,1,1.0
2029-05-01,1,1,1.0
2029-05-02,1,1,1.0
2029-05-03,1,1,1.0
2029-05-04,1,1,1.0
2029-05-05,0,1,0.0
2029-05-06,0,1,0.0
2029-05-07,0,1,0.0
2029-05-08,1,1,1.0
2029-05-09,0,1,0.0
2029-05-10,1,1,1.0
2029-05-11,1,1,1.0
2029-05-12,0,1,0.0
2029-05-13,1,1,1.0
2029-05-14,1,1,1.0
2029-05-15,0,1,0.0
2029-05-16,0,1,0.0
2029-05-17,1,1,1.0
2029-05-18,1,1,1.0
2029-05-19,1,1,1.0
2029-05-20,1,1,1.0
2029-05-21,1,1,1.0
2029-05-22,1,1,1.0
2029-05-23,0,1,0.0
2029-05-24,0,1,0.0
2029-05-25,1,1,1.0
2029-05-26,0,1,0.0
2029-05-27,1,1,1.0
2029-05-28,0,1,0.0
2029-05-29,1,1,1.0
2029-05-30,1,1,1.0
2029-05-31,0,1,0.0
2029-06-01,0,1,0.0
2029-06-02,0,1,0.0
2029-06-03,1,1,1.0
2029-06-04,0,1,0.0
2029-06-05,1,1,1.0
2029-06-06,1,1,1.0
2029-06-07,0,1,0.0
2029-06-08,1,1,1.0
2029-06-09,1,1,1.0
2029-06-10,1,1,1.0
2029-06-11,1,1,1.0
2029-06-12,1,1,1.0
2029-06-13,1,1,1.0
2029-06-14,1,1,1.0
2029-06-15,1,1,1.0
2029-06-16,1,1,1.0
2029-06-17,1,1,1.0
2029-06-18,1,1,1.0
2029-06-19,1,1,1.0
2029-06-20,0,1,0.0
2029-06-21,1,1,1.0
2029-06-22,1,1,1.0
2029-06-23,1,1,1.0
2029-06-24,1,1,1.0
2029-06-25,1,1,1.0
2029-06-26,1,1,1.0
2029-06-27,1,1,1.0
2029-06-28,1,1,1.0
2029-06-29,1,1,1.0
2029-06-30,1,1,1.0
2029-07-01,1,1,1.0
2029-07-02,1,1,1.0
2029-07-03,1,1,1.0
2029-07-04,0,1,0.0
2029-07-05,1,1,1.0
2029-07-06,1,1,1.0
2029-07-07,1,1,1.0
2029-07-08,1,1,1.0
2029-07-09,0,1,0.0
2029-07-10,0,1,0.0
2029-07-11,1,1,1.0
2029-07-12,0,1,0.0
2029-07-13,1,1,1.0
2029-07-14,1,1,1.0
2029-07-15,1,1,1.0
2029-07-16,1,1,1.0
2029-07-17,1,1,1.0
2029-07-18,1,1,1.0
2029-07-19,0,1,0.0
2029-07-20,1,1,1.0
2029-07-21,0,1,0.0
2029-07-22,0,1,0.0
2029-07-23,1,1,1.0
2029-07-24,1,1,1.0
2029-07-25,1,1,1.0
2029-07-26,0,1,0.0
2029-07-27,0,1,0.0
2029-07-28,1,1,1.0
2029-07-29,1,1,1.0
2029-07-30,1,1,1.0
2029-07-31,1,1,1.0
2029-08-01,1,1,1.0
2029-08-02,1,1,1.0
2029-08-03,1,1,1.0
2029-08-04,1,1,1.0
2029-08-05,1,1,1.0
2029-08-06,1,1,1.0
2029-08-07,0,1,0.0
2029-08-08,1,1,1.0
2029-08-09,1,1,1.0
2029-08-10,1,1,1.0
2029-08-11,1,1,1.0
2029-08-12,0,1,0.0
2029-08-13,1,1,1.0
2029-08-14,0,1,0.0
2029-08-15,0,1,0.0
2029-08-16,1,1,1.0
2029-08-17,1,1,1.0
2029-08-18,0,1,0.0
2029-08-19,1,1,1.0
2029-08-20,0,1,0.0
2029-08-21,1,1,1.0
2029-08-22,1,1,1.0
2029-08-23,0,1,0.0
2029-08-24,1,1,1.0
2029-08-25,1,1,1.0
2029-08-26,1,1,1.0
2029-08-27,1,1,1.0
2029-08-28,1,1,1.0
2029-08-29,1,1,1.0
2029-08-30,0,1,0.0
2029-08-31,1,1,1.0
2029-09-01,0,1,0.0
2029-09-02,1,1,1.0
2029-09-03,1,1,1.0
2029-09-04,1,1,1.0
2029-09-05,0,1,0.0
2029-09-06,1,1,1.0
2029-09-07,1,1,1.0
2029-09-08,1,1,1.0
2029-09-09,1,1,1.0
2029-09-10,1,1,1.0
2029-09-11,1,1,1.0
2029-09-12,1,1,1.0
2029-09-13,0,1,0.0
2029-09-14,1,1,1.0
2029-09-15,1,1,1.0
2029-09-16,0,1,0.0
2029-09-17,1,1,1.0
2029-09-18,0,1,0.0
2029-09-19,1,1,1.0
2029-09-20,0,1,0.0
2029-09-21,0,1,0.0
2029-09-22,0,1,0.0
2029-09-23,1,1,1.0
2029-09-24,1,1,1.0
2029-09-25,1,1,1.0
2029-09-26,1,1,1.0
2029-09-27,0,1,0.0
2029-09-28,1,1,1.0
2029-09-29,1,1,1.0
2029-09-30,1,1,1.0
2029-10-01,1,1,1.0
2029-10-02,0,1,0.0
2029-10-03,1,1,1.0
2029-10-04,1,1,1.0
2029-10-05,0,1,0.0
2029-10-06,0,1,0.0
2029-10-07,0,1,0.0
2029-10-08,1,1,1.0
2029-10-09,0,1,0.0
2029-10-10,1,1,1.0
2029-10-11,1,1,1.0
2029-10-12,1,1,1.0
2029-10-13,0,1,0.0
2029-10-14,1,1,1.0
2029-10-15,1,1,1.0
2029-10-16,0,1,0.0
2029-10-17,1,1,1.0
2029-10-18,1,1,1.0
2029-10-19,0,1,0.0
2029-10-20,0,1,0.0
2029-10-21,1,1,1.0
2029-10-22,1,1,1.0
2029-10-23,1,1,1.0
2029-10-24,1,1,1.0
2029-10-25,1,1,1.0
2029-10-26,0,1,0.0
2029-10-27,1,1,1.0
2029-10-28,1,1,1.0
2029-10-29,0,1,0.0
2029-10-30,1,1,1.0
2029-10-31,0,1,0.0
2029-11-01,1,1,1.0
2029-11-02,1,1,1.0
2029-11-03,1,1,1.0
2029-11-04,1,1,1.0
2029-11-05,1,1,1.0
2029-11-06,0,1,0.0
2029-11-07,1,1,1.0
2029-11-08,1,1,1.0
2029-11-09,1,1,1.0
2029-11-10,1,1,1.0
2029-11-11,1,1,1.0
2029-11-12,1,1,1.0
2029-11-13,1,1,1.0
2029-11-14,0,1,0.0
2029-11-15,0,1,0.0
2029-11-16,0,1,0.0
2029-11-17,0,1,0.0
2029-11-18,0,1,0.0
2029-11-19,0,1,0.0
2029-11-20,1,1,1.0
2029-11-21,1,1,1.0
2029-11-22,1,1,1.0
2029-11-23,1,1,1.0
2029-11-24,1,1,1.0
2029-11-25,1,1,1.0
2029-11-26,1,1,1.0
2029-11-27,1,1,1.0
2029-11-28,0,1,0.0
2029-11-29,0,1,0.0
2029-11-30,0,1,0.0
2029-12-01,1,1,1.0
2029-12-02,0,1,0.0
2029-12-03,1,1,1.0
2029-12-04,1,1,1.0
2029-12-05,1,1,1.0
2029-12-06,1,1,1.0
2029-12-07,0,1,0.0
2029-12-08,1,1,1.0
2029-12-09,1,1,1.0
2029-12-10,1,1,1.0
2029-12-11,0,1,0.0
2029-12-12,1,1,1.0
2029-12-13,1,1,1.0
2029-12-14,0,1,0.0
2029-12-15,1,1,1.0
2029-12-16,1,1,1.0
2029-12-17,1,1,1.0
2029-12-18,1,1,1.0
2029-12-19,1,1,1.0
2029-12-20,0,1,0.0
2029-12-21,0,1,0.0
2029-12-22,1,1,1.0
2029-12-23,1,1,1.0
2029-12-24,1,1,1.0
2029-12-25,1,1,1.0
2029-12-26,1,1,1.0
2029-12-27,1,1,1.0
2029-12-28,0,1,0.0
2029-12-29,1,1,1.0
2029-12-30,0,1,0.0
2029-12-31,1,1,1.0
2030-01-01,0,1,0.0
2030-01-02,1,1,1.0
2030-01-03,1,1,1.0
2030-01-04,1,1,1.0
2030-01-05,1,1,1.0
2030-01-06,0,1,0.0
2030-01-07,1,1,1.0
2030-01-08,1,1,1.0
2030-01-09,1,1,1.0
2030-01-10,1,1,1.0
2030-01-11,1,1,1.0
2030-01-12,1,1,1.0
2030-01-13,0,1,0.0
2030-01-14,0,1,0.0
2030-01-15,1,1,1.0
2030-01-16,1,1,1.0
2030-01-17,1,1,1.0
2030-01-18,1,1,1.0
2030-01-19,1,1,1.0
2030-01-20,1,1,1.0
2030-01-21,1,1,1.0
2030-01-22,0,1,0.0
2030-01-23,1,1,1.0
2030-01-24,1,1,1.0
2030-01-25,1,1,1.0
2030-01-26,1,1,1.0
2030-01-27,0,1,0.0
2030-01-28,1,1,1.0
2030-01-29,1,1,1.0
2030-01-30,0,1,0.0
2030-01-31,0,1,0.0
2030-02-01,1,1,1.0
2030-02-02,1,1,1.0
2030-02-03,0,1,0.0
2030-02-04,1,1,1.0
2030-02-05,1,1,1.0
2030-02-06,0,1,0.0
2030-02-07,1,1,1.0
2030-02-08,1,1,1.0
2030-02-09,1,1,1.0
2030-02-10,1,1,1.0
2030-02-11,1,1,1.0
2030-02-12,1,1,1.0
2030-02-13,1,1,1.0
2030-02-14,1,1,1.0
2030-02-15,1,1,1.0
2030-02-16,1,1,1.0
2030-02-17,1,1,1.0
2030-02-18,1,1,1.0
2030-02-19,1,1,1.0
2030-02-20,0,1,0.0
2030-02-21,1,1,1.0
2030-02-22,1,1,1.0
2030-02-23,1,1,1.0
2030-02-24,1,1,1.0
2030-02-25,0,1,0.0
2030-02-26,1,1,1.0
2030-02-27,1,1,1.0
2030-02-28,1,1,1.0
2030-03-01,1,1,1.0
2030-03-02,1,1,1.0
2030-03-03,1,1,1.0
2030-03-04,1,1,1.0
2030-03-05,0,1,0.0
2030-03-06,1,1,1.0
2030-03-07,1,1,1.0
2030-03-08,0,1,0.0
2030-03-09,1,1,1.0
2030-03-10,1,1,1.0
2030-03-11,1,1,1.0
2030-03-12,1,1,1.0
2030-03-13,0,1,0.0
2030-03-14,1,1,1.0
2030-03-15,1,1,1.0
2030-03-16,1,1,1.0
2030-03-17,0,1,0.0
2030-03-18,1,1,1.0
2030-03-19,0,1,0.0
2030-03-20,1,1,1.0
2030-03-21,1,1,1.0
2030-03-22,1,1,1.0
2030-03-23,1,1,1.0
2030-03-24,0,1,0.0
2030-03-25,1,1,1.0
2030-03-26,1,1,1.0
2030-03-27,0,1,0.0
2030-03-28,1,1,1.0
2030-03-29,1,1,1.0
2030-03-30,1,1,1.0
2030-03-31,0,1,0.0
2030-04-01,0,1,0.0
2030-04-02,0,1,0.0
2030-04-03,0,1,0.0
2030-04-04,0,1,0.0
2030-04-05,0,1,0.0
2030-04-06,0,1,0.0
2030-04-07,0,1,0.0
2030-04-08,1,1,1.0
2030-04-09,1,1,1.0
2030-04-10,0,1,0.0
2030-04-11,0,1,0.0
2030-04-12,1,1,1.0
2030-04-13,1,1,1.0
2030-04-14,1,1,1.0
2030-04-15,1,1,1.0
2030-04-16,1,1,1.0
2030-04-17,1,1,1.0
2030-04-18,0,1,0.0
2030-04-19,0,1,0.0
2030-04-20,1,1,1.0
2030-04-21,1,1,1.0
2030-04-22,1,1,1.0
2030-04-23,1,1,1.0
2030-04-24,1,1,1.0
2030-04-25,1,1,1.0
2030-04-26,1,1,1.0
2030-04-27,1,1,1.0
2030-04-28,1,1,1.0
2030-04-29,1,1,1.0
2030-04-30,1,1,1.0
2030-05-01,1,1,1.0
2030-05-02,1,1,1.0
2030-05-03,1,1,1.0
2030-05-04,1,1,1.0
2030-05-05,1,1,1.0
2030-05-06,1,1,1.0
2030-05-07,1,1,1.0
2030-05-08,0,1,0.0
2030-05-09,0,1,0.0
2030-05-10,1,1,1.0
2030-05-11,1,1,1.0
2030-05-12,0,1,0.0
2030-05-13,0,1,0.0
2030-05-14,1,1,1.0
2030-05-15,1,1,1.0
2030-05-16,1,1,1.0
2030-05-17,1,1,1.0
2030-05-18,1,1,1.0
2030-05-19,0,1,0.0
2030-05-20,0,1,0.0
2030-05-21,1,1,1.0
2030-05-22,1,1,1.0
2030-05-23,0,1,0.0
2030-05-24,1,1,1.0
2030-05-25,0,1,0.0
2030-05-26,0,1,0.0
2030-05-27,1,1,1.0
2030-05-28,0,1,0.0
2030-05-29,1,1,1.0
2030-05-30,1,1,1.0
2030-05-31,1,1,1.0
2030-06-01,0,1,0.0
2030-06-02,1,1,1.0
2030-06-03,1,1,1.0
2030-06-04,1,1,1.0
2030-06-05,1,1,1.0
2030-06-06,1,1,1.0
2030-06-07,1,1,1.0
2030-06-08,1,1,1.0
2030-06-09,1,1,1.0
2030-06-10,1,1,1.0
2030-06-11,0,1,0.0
2030-06-12,1,1,1.0
2030-06-13,1,1,1.0
2030-06-14,1,1,1.0
2030-06-15,1,1,1.0
2030-06-16,1,1,1.0
2030-06-17,0,1,0.0
2030-06-18,1,1,1.0
2030-06-19,1,1,1.0
2030-06-20,1,1,1.0
2030-06-21,0,1,0.0
2030-06-22,1,1,1.0
2030-06-23,1,1,1.0
2030-06-24,1,1,1.0
2030-06-25,1,1,1.0
2030-06-26,1,1,1.0
2030-06-27,0,1,0.0
2030-06-28,1,1,1.0
2030-06-29,1,1,1.0
2030-06-30,0,1,0.0
2030-07-01,0,1,0.0
2030-07-02,1,1,1.0
2030-07-03,1,1,1.0
2030-07-04,1,1,1.0
2030-07-05,1,1,1.0
2030-07-06,1,1,1.0
2030-07-07,1,1,1.0
2030-07-08,0,1,0.0
2030-07-09,0,1,0.0
2030-07-10,0,1,0.0
2030-07-11,1,1,1.0
2030-07-12,0,1,0.0
2030-07-13,1,1,1.0
2030-07-14,1,1,1.0
2030-07-15,1,1,1.0
2030-07-16,1,1,1.0
2030-07-17,1,1,1.0
2030-07-18,0,1,0.0
2030-07-19,0,1,0.0
2030-07-20,1,1,1.0
2030-07-21,0,1,0.0
2030-07-22,1,1,1.0
2030-07-23,1,1,1.0
2030-07-24,1,1,1.0
2030-07-25,0,1,0.0
2030-07-26,1,1,1.0
2030-07-27,1,1,1.0
2030-07-28,1,1,1.0
2030-07-29,0,1,0.0
2030-07-30,1,1,1.0
2030-07-31,1,1,1.0
2030-08-01,0,1,0.0
2030-08-02,1,1,1.0
2030-08-03,0,1,0.0
2030-08-04,1,1,1.0
2030-08-05,1,1,1.0
2030-08-06,0,1,0.0
2030-08-07,1,1,1.0
2030-08-08,1,1,1.0
2030-08-09,0,1,0.0
2030-08-10,1,1,1.0
2030-08-11,1,1,1.0
2030-08-12,1,1,1.0
2030-08-13,0,1,0.0
2030-08-14,0,1,0.0
2030-08-15,1,1,1.0
2030-08-16,1,1,1.0
2030-08-17,0,1,0.0
2030-08-18,0,1,0.0
2030-08-19,1,1,1.0
2030-08-20,0,1,0.0
2030-08-21,0,1,0.0
2030-08-22,1,1,1.0
2030-08-23,1,1,1.0
2030-08-24,1,1,1.0
2030-08-25,0,1,0.0
2030-08-26,1,1,1.0
2030-08-27,1,1,1.0
2030-08-28,1,1,1.0
2030-08-29,1,1,1.0
2030-08-30,0,1,0.0
2030-08-31,1,1,1.0
2030-09-01,1,1,1.0
2030-09-02,1,1,1.0
2030-09-03,1,1,1.0
2030-09-04,1,1,1.0
2030-09-05,0,1,0.0
2030-09-06,1,1,1.0
2030-09-07,1,1,1.0
2030-09-08,1,1,1.0
2030-09-09,1,1,1.0
2030-09-10,1,1,1.0
2030-09-11,1,1,1.0
2030-09-12,1,1,1.0
2030-09-13,1,1,1.0
2030-09-14,0,1,0.0
2030-09-15,0,1,0.0
2030-09-16,1,1,1.0
2030-09-17,1,1,1.0
2030-09-18,1,1,1.0
2030-09-19,1,1,1.0
2030-09-20,1,1,1.0
2030-09-21,1,1,1.0
2030-09-22,1,1,1.0
2030-09-23,0,1,0.0
2030-09-24,1,1,1.0
2030-09-25,1,1,1.0
2030-09-26,1,1,1.0
2030-09-27,1,1,1.0
2030-09-28,1,1,1.0
2030-09-29,0,1,0.0
2030-09-30,0,1,0.0
2030-10-01,1,1,1.0
2030-10-02,1,1,1.0
2030-10-03,1,1,1.0
2030-10-04,0,1,0.0
2030-10-05,0,1,0.0
2030-10-06,0,1,0.0
2030-10-07,1,1,1.0
2030-10-08,0,1,0.0
2030-10-09,1,1,1.0
2030-10-10,0,1,0.0
2030-10-11,1,1,1.0
2030-10-12,0,1,0.0
2030-10-13,1,1,1.0
2030-10-14,1,1,1.0
2030-10-15,0,1,0.0
2030-10-16,0,1,0.0
2030-10-17,1,1,1.0
2030-10-18,1,1,1.0
2030-10-19,1,1,1.0
2030-10-20,0,1,0.0
2030-10-21,1,1,1.0
2030-10-22,1,1,1.0
2030-10-23,1,1,1.0
2030-10-24,0,1,0.0
2030-10-25,0,1,0.0
2030-10-26,1,1,1.0
2030-10-27,0,1,0.0
2030-10-28,0,1,0.0
2030-10-29,1,1,1.0
2030-10-30,1,1,1.0
2030-10-31,0,1,0.0
2030-11-01,1,1,1.0
2030-11-02,1,1,1.0
2030-11-03,0,1,0.0
2030-11-04,0,1,0.0
2030-11-05,0,1,0.0
2030-11-06,1,1,1.0
2030-11-07,0,1,0.0
2030-11-08,1,1,1.0
2030-11-09,1,1,1.0
2030-11-10,1,1,1.0
2030-11-11,0,1,0.0
2030-11-12,0,1,0.0
2030-11-13,1,1,1.0
2030-11-14,0,1,0.0
2030-11-15,0,1,0.0
2030-11-16,1,1,1.0
2030-11-17,1,1,1.0
2030-11-18,1,1,1.0
2030-11-19,1,1,1.0
2030-11-20,1,1,1.0
2030-11-21,1,1,1.0
2030-11-22,1,1,1.0
2030-11-23,1,1,1.0
2030-11-24,1,1,1.0
2030-11-25,1,1,1.0
2030-11-26,1,1,1.0
2030-11-27,1,1,1.0
2030-11-28,1,1,1.0
2030-11-29,1,1,1.0
2030-11-30,1,1,1.0
2030-12-01,1,1,1.0
2030-12-02,1,1,1.0
2030-12-03,1,1,1.0
2030-12-04,0,1,0.0
2030-12-05,0,1,0.0
2030-12-06,0,1,0.0
2030-12-07,1,1,1.0
2030-12-08,1,1,1.0
2030-12-09,1,1,1.0
2030-12-10,0,1,0.0
2030-12-11,1,1,1.0
2030-12-12,0,1,0.0
2030-12-13,1,1,1.0
2030-12-14,0,1,0.0
2030-12-15,1,1,1.0
2030-12-16,0,1,0.0
2030-12-17,1,1,1.0
2030-12-18,0,1,0.0
2030-12-19,1,1,1.0
2030-12-20,0,1,0.0
2030-12-21,1,1,1.0
2030-12-22,1,1,1.0
2030-12-23,1,1,1.0
2030-12-24,1,1,1.0
2030-12-25,1,1,1.0
2030-12-26,0,1,0.0
2030-12-27,0,1,0.0
2030-12-28,1,1,1.0
2030-12-29,0,1,0.0
2030-12-30,1,1,1.0
2030-12-31,1,1,1.0
2031-01-01,1,1,1.0
2031-01-02,0,1,0.0
2031-01-03,0,1,0.0
2031-01-04,1,1,1.0
2031-01-05,1,1,1.0
2031-01-06,1,1,1.0
2031-01-07,1,1,1.0
2031-01-08,1,1,1.0
2031-01-09,0,1,0.0
2031-01-10,1,1,1.0
2031-01-11,0,1,0.0
2031-01-12,1,1,1.0
2031-01-13,1,1,1.0
2031-01-14,0,1,0.0
2031-01-15,1,1,1.0
2031-01-16,1,1,1.0
2031-01-17,1,1,1.0
2031-01-18,1,1,1.0
2031-01-19,0,1,0.0
2031-01-20,1,1,1.0
2031-01-21,1,1,1.0
2031-01-22,1,1,1.0
2031-01-23,0,1,0.0
2031-01-24,0,1,0.0
2031-01-25,1,1,1.0
2031-01-26,1,1,1.0
2031-01-27,1,1,1.0
2031-01-28,1,1,1.0
2031-01-29,0,1,0.0
2031-01-30,0,1,0.0
2031-01-31,0,1,0.0
2031-02-01,0,1,0.0
2031-02-02,1,1,1.0
2031-02-03,1,1,1.0
2031-02-04,0,1,0.0
2031-02-05,0,1,0.0
2031-02-06,0,1,0.0
2031-02-07,1,1,1.0
2031-02-08,1,1,1.0
2031-02-09,1,1,1.0
2031-02-10,1,1,1.0
2031-02-11,1,1,1.0
2031-02-12,1,1,1.0
2031-02-13,0,1,0.0
2031-02-14,1,1,1.0
2031-02-15,0,1,0.0
2031-02-16,0,1,0.0
2031-02-17,1,1,1.0
2031-02-18,0,1,0.0
2031-02-19,0,1,0.0
2031-02-20,1,1,1.0
2031-02-21,1,1,1.0
2031-02-22,0,1,0.0
2031-02-23,1,1,1.0
2031-02-24,1,1,1.0
2031-02-25,1,1,1.0
2031-02-26,0,1,0.0
2031-02-27,1,1,1.0
2031-02-28,1,1,1.0
2031-03-01,0,1,0.0
2031-03-02,1,1,1.0
2031-03-03,1,1,1.0
2031-03-04,1,1,1.0
2031-03-05,1,1,1.0
2031-03-06,1,1,1.0
2031-03-07,1,1,1.0
2031-03-08,1,1,1.0
2031-03-09,0,1,0.0
2031-03-10,1,1,1.0
2031-03-11,0,1,0.0
2031-03-12,1,1,1.0
2031-03-13,0,1,0.0
2031-03-14,1,1,1.0
2031-03-15,0,1,0.0
2031-03-16,1,1,1.0
2031-03-17,1,1,1.0
2031-03-18,1,1,1.0
2031-03-19,1,1,1.0
2031-03-20,0,1,0.0
2031-03-21,1,1,1.0
2031-03-22,1,1,1.0
2031-03-23,1,1,1.0
2031-03-24,1,1,1.0
2031-03-25,1,1,1.0
2031-03-26,1,1,1.0
2031-03-27,1,1,1.0
2031-03-28,0,1,0.0
2031-03-29,1,1,1.0
2031-03-30,0,1,0.0
2031-03-31,1,1,1.0
2031-04-01,1,1,1.0
2031-04-02,1,1,1.0
2031-04-03,0,1,0.0
2031-04-04,1,1,1.0
2031-04-05,1,1,1.0
2031-04-06,0,1,0.0
2031-04-07,0,1,0.0
2031-04-08,1,1,1.0
2031-04-09,1,1,1.0
2031-04-10,1,1,1.0
2031-04-11,1,1,1.0
2031-04-12,1,1,1.0
2031-04-13,1,1,1.0
2031-04-14,1,1,1.0
2031-04-15,1,1,1.0
2031-04-16,0,1,0.0
2031-04-17,1,1,1.0
2031-04-18,1,1,1.0
2031-04-19,0,1,0.0
2031-04-20,0,1,0.0
2031-04-21,1,1,1.0
2031-04-22,0,1,0.0
2031-04-23,1,1,1.0
2031-04-24,1,1,1.0
2031-04-25,0,1,0.0
2031-04-26,1,1,1.0
2031-04-27,1,1,1.0
2031-04-28,1,1,1.0
2031-04-29,0,1,0.0
2031-04-30,1,1,1.0
2031-05-01,1,1,1.0
2031-05-02,1,1,1.0
2031-05-03,0,1,0.0
2031-05-04,1,1,1.0
2031-05-05,0,1,0.0
2031-05-06,0,1,0.0
2031-05-07,0,1,0.0
2031-05-08,0,1,0.0
2031-05-09,1,1,1.0
2031-05-10,0,1,0.0
2031-05-11,0,1,0.0
2031-05-12,1,1,1.0
2031-05-13,1,1,1.0
2031-05-14,1,1,1.0
2031-05-15,1,1,1.0
2031-05-16,1,1,1.0
2031-05-17,1,1,1.0
2031-05-18,1,1,1.0
2031-05-19,1,1,1.0
2031-05-20,0,1,0.0
2031-05-21,0,1,0.0
2031-05-22,1,1,1.0
2031-05-23,1,1,1.0
2031-05-24,1,1,1.0
2031-05-25,1,1,1.0
2031-05-26,0,1,0.0
2031-05-27,1,1,1.0
2031-05-28,0,1,0.0
2031-05-29,1,1,1.0
2031-05-30,0,1,0.0
2031-05-31,1,1,1.0
2031-06-01,1,1,1.0
2031-06-02,1,1,1.0
2031-06-03,1,1,1.0
2031-06-04,1,1,1.0
2031-06-05,1,1,1.0
2031-06-06,1,1,1.0
2031-06-07,1,1,1.0
2031-06-08,0,1,0.0
2031-06-09,0,1,0.0
2031-06-10,1,1,1.0
2031-06-11,1,1,1.0
2031-06-12,0,1,0.0
2031-06-13,1,1,1.0
2031-06-14,1,1,1.0
2031-06-15,1,1,1.0
2031-06-16,1,1,1.0
2031-06-17,1,1,1.0
2031-06-18,1,1,1.0
2031-06-19,1,1,1.0
2031-06-20,1,1,1.0
2031-06-21,1,1,1.0
2031-06-22,1,1,1.0
2031-06-23,0,1,0.0
2031-06-24,1,1,1.0
2031-06-25,1,1,1.0
2031-06-26,1,1,1.0
2031-06-27,0,1,0.0
2031-06-28,1,1,1.0
2031-06-29,0,1,0.0
2031-06-30,1,1,1.0
2031-07-01,1,1,1.0
2031-07-02,1,1,1.0
2031-07-03,1,1,1.0
2031-07-04,1,1,1.0
2031-07-05,0,1,0.0
2031-07-06,1,1,1.0
2031-07-07,1,1,1.0
2031-07-08,1,1,1.0
2031-07-09,0,1,0.0
2031-07-10,1,1,1.0
2031-07-11,0,1,0.0
2031-07-12,1,1,1.0
2031-07-13,1,1,1.0
2031-07-14,1,1,1.0
2031-07-15,0,1,0.0
2031-07-16,1,1,1.0
2031-07-17,1,1,1.0
2031-07-18,1,1,1.0
2031-07-19,0,1,0.0
2031-07-20,0,1,0.0
2031-07-21,1,1,1.0
2031-07-22,1,1,1.0
2031-07-23,1,1,1.0
2031-07-24,1,1,1.0
2031-07-25,0,1,0.0
2031-07-26,1,1,1.0
2031-07-27,0,1,0.0
2031-07-28,0,1,0.0
2031-07-29,1,1,1.0
2031-07-30,0,1,0.0
2031-07-31,1,1,1.0
2031-08-01,1,1,1.0
2031-08-02,1,1,1.0
2031-08-03,1,1,1.0
2031-08-04,1,1,1.0
2031-08-05,1,1,1.0
2031-08-06,1,1,1.0
2031-08-07,1,1,1.0
2031-08-08,1,1,1.0
2031-08-09,0,1,0.0
2031-08-10,1,1,1.0
2031-08-11,1,1,1.0
2031-08-12,1,1,1.0
2031-08-13,1,1,1.0
2031-08-14,0,1,0.0
2031-08-15,1,1,1.0
2031-08-16,0,1,0.0
2031-08-17,1,1,1.0
2031-08-18,1,1,1.0
2031-08-19,1,1,1.0
2031-08-20,1,1,1.0
2031-08-21,1,1,1.0
2031-08-22,1,1,1.0
2031-08-23,0,1,0.0
2031-08-24,1,1,1.0
2031-08-25,0,1,0.0
2031-08-26,1,1,1.0
2031-08-27,0,1,0.0
2031-08-28,0,1,0.0
2031-08-29,1,1,1.0
2031-08-30,1,1,1.0
2031-08-31,0,1,0.0
2031-09-01,0,1,0.0
2031-09-02,1,1,1.0
2031-09-03,1,1,1.0
2031-09-04,1,1,1.0
2031-09-05,0,1,0.0
2031-09-06,0,1,0.0
2031-09-07,0,1,0.0
2031-09-08,1,1,1.0
2031-09-09,1,1,1.0
2031-09-10,0,1,0.0
2031-09-11,1,1,1.0
2031-09-12,1,1,1.0
2031-09-13,1,1,1.0
2031-09-14,1,1,1.0
2031-09-15,1,1,1.0
2031-09-16,0,1,0.0
2031-09-17,0,1,0.0
2031-09-18,0,1,0.0
2031-09-19,1,1,1.0
2031-09-20,0,1,0.0
2031-09-21,0,1,0.0
2031-09-22,1,1,1.0
2031-09-23,0,1,0.0
2031-09-24,1,1,1.0
2031-09-25,0,1,0.0
2031-09-26,0,1,0.0
2031-09-27,1,1,1.0
2031-09-28,1,1,1.0
2031-09-29,1,1,1.0
2031-09-30,1,1,1.0
2031-10-01,1,1,1.0
2031-10-02,1,1,1.0
2031-10-03,0,1,0.0
2031-10-04,1,1,1.0
2031-10-05,0,1,0.0
2031-10-06,1,1,1.0
2031-10-07,0,1,0.0
2031-10-08,1,1,1.0
2031-10-09,1,1,1.0
2031-10-10,1,1,1.0
2031-10-11,1,1,1.0
2031-10-12,0,1,0.0
2031-10-13,0,1,0.0
2031-10-14,1,1,1.0
2031-10-15,1,1,1.0
2031-10-16,1,1,1.0
2031-10-17,0,1,0.0
2031-10-18,0,1,0.0
2031-10-19,0,1,0.0
2031-10-20,1,1,1.0
2031-10-21,1,1,1.0
2031-10-22,0,1,0.0
2031-10-23,1,1,1.0
2031-10-24,1,1,1.0
2031-10-25,1,1,1.0
2031-10-26,0,1,0.0
2031-10-27,0,1,0.0
2031-10-28,0,1,0.0
2031-10-29,0,1,0.0
2031-10-30,1,1,1.0
2031-10-31,0,1,0.0
2031-11-01,1,1,1.0
2031-11-02,1,1,1.0
2031-11-03,1,1,1.0
2031-11-04,1,1,1.0
2031-11-05,1,1,1.0
2031-11-06,1,1,1.0
2031-11-07,1,1,1.0
2031-11-08,1,1,1.0
2031-11-09,1,1,1.0
2031-11-10,1,1,1.0
2031-11-11,1,1,1.0
2031-11-12,1,1,1.0
2031-11-13,1,1,1.0
2031-11-14,1,1,1.0
2031-11-15,1,1,1.0
2031-11-16,0,1,0.0
2031-11-17,1,1,1.0
2031-11-18,0,1,0.0
2031-11-19,1,1,1.0
2031-11-20,1,1,1.0
2031-11-21,1,1,1.0
2031-11-22,1,1,1.0
2031-11-23,1,1,1.0
2031-11-24,0,1,0.0
2031-11-25,0,1,0.0
2031-11-26,0,1,0.0
2031-11-27,1,1,1.0
2031-11-28,1,1,1.0
2031-11-29,0,1,0.0
2031-11-30,1,1,1.0
2031-12-01,0,1,0.0
2031-12-02,1,1,1.0
2031-12-03,1,1,1.0
2031-12-04,1,1,1.0
2031-12-05,1,1,1.0
2031-12-06,0,1,0.0
2031-12-07,1,1,1.0
2031-12-08,0,1,0.0
2031-12-09,1,1,1.0
2031-12-10,1,1,1.0
2031-12-11,1,1,1.0
2031-12-12,1,1,1.0
2031-12-13,0,1,0.0
2031-12-14,1,1,1.0
2031-12-15,0,1,0.0
2031-12-16,1,1,1.0
2031-12-17,1,1,1.0
2031-12-18,1,1,1.0
2031-12-19,0,1,0.0
2031-12-20,1,1,1.0
2031-12-21,1,1,1.0
2031-12-22,1,1,1.0
2031-12-23,1,1,1.0
2031-12-24,1,1,1.0
2031-12-25,1,1,1.0
2031-12-26,1,1,1.0
2031-12-27,1,1,1.0
2031-12-28,1,1,1.0
2031-12-29,1,1,1.0
2031-12-30,1,1,1.0
2031-12-31,1,1,1.0
2032-01-01,1,1,1.0
2032-01-02,0,1,0.0
2032-01-03,1,1,1.0
2032-01-04,0,1,0.0
2032-01-05,1,1,1.0
2032-01-06,0,1,0.0
2032-01-07,1,1,1.0
2032-01-08,1,1,1.0
2032-01-09,1,1,1.0
2032-01-10,1,1,1.0
2032-01-11,1,1,1.0
2032-01-12,0,1,0.0
2032-01-13,1,1,1.0
2032-01-14,0,1,0.0
2032-01-15,0,1,0.0
2032-01-16,1,1,1.0
2032-01-17,1,1,1.0
2032-01-18,1,1,1.0
2032-01-19,1,1,1.0
2032-01-20,1,1,1.0
2032-01-21,0,1,0.0
2032-01-22,1,1,1.0
2032-01-23,1,1,1.0
2032-01-24,0,1,0.0
2032-01-25,1,1,1.0
2032-01-26,1,1,1.0
2032-01-27,1,1,1.0
2032-01-28,1,1,1.0
2032-01-29,0,1,0.0
2032-01-30,1,1,1.0
2032-01-31,1,1,1.0
2032-02-01,1,1,1.0
2032-02-02,0,1,0.0
2032-02-03,1,1,1.0
2032-02-04,1,1,1.0
2032-02-05,1,1,1.0
2032-02-06,0,1,0.0
2032-02-07,1,1,1.0
2032-02-08,1,1,1.0
2032-02-09,0,1,0.0
2032-02-10,1,1,1.0
2032-02-11,1,1,1.0
2032-02-12,1,1,1.0
2032-02-13,0,1,0.0
2032-02-14,1,1,1.0
2032-02-15,1,1,1.0
2032-02-16,1,1,1.0
2032-02-17,1,1,1.0
2032-02-18,0,1,0.0
2032-02-19,1,1,1.0
2032-02-20,0,1,0.0
2032-02-21,1,1,1.0
2032-02-22,1,1,1.0
2032-02-23,1,1,1.0
2032-02-24,1,1,1.0
2032-02-25,1,1,1.0
2032-02-26,1,1,1.0
2032-02-27,1,1,1.0
2032-02-28,1,1,1.0
2032-02-29,1,1,1.0
2032-03-01,1,1,1.0
2032-03-02,1,1,1.0
2032-03-03,0,1,0.0
2032-03-04,1,1,1.0
2032-03-05,1,1,1.0
2032-03-06,1,1,1.0
2032-03-07,1,1,1.0
2032-03-08,1,1,1.0
2032-03-09,1,1,1.0
2032-03-10,1,1,1.0
2032-03-11,0,1,0.0
2032-03-12,1,1,1.0
2032-03-13,1,1,1.0
2032-03-14,1,1,1.0
2032-03-15,1,1,1.0
2032-03-16,1,1,1.0
2032-03-17,1,1,1.0
2032-03-18,1,1,1.0
2032-03-19,1,1,1.0
2032-03-20,1,1,1.0
2032-03-21,1,1,1.0
2032-03-22,1,1,1.0
2032-03-23,1,1,1.0
2032-03-24,1,1,1.0
2032-03-25,1,1,1.0
2032-03-26,0,1,0.0
2032-03-27,0,1,0.0
2032-03-28,1,1,1.0
2032-03-29,1,1,1.0
2032-03-30,1,1,1.0
2032-03-31,1,1,1.0
2032-04-01,1,1,1.0
2032-04-02,1,1,1.0
2032-04-03,1,1,1.0
2032-04-04,1,1,1.0
2032-04-05,0,1,0.0
2032-04-06,0,1,0.0
2032-04-07,1,1,1.0
2032-04-08,1,1,1.0
2032-04-09,1,1,1.0
2032-04-10,1,1,1.0
2032-04-11,1,1,1.0
2032-04-12,0,1,0.0
2032-04-13,0,1,0.0
2032-04-14,0,1,0.0
2032-04-15,0,1,0.0
2032-04-16,1,1,1.0
2032-04-17,1,1,1.0
2032-04-18,1,1,1.0
2032-04-19,1,1,1.0
2032-04-20,0,1,0.0
2032-04-21,1,1,1.0
2032-04-22,1,1,1.0
2032-04-23,1,1,1.0
2032-04-24,1,1,1.0
2032-04-25,1,1,1.0
2032-04-26,1,1,1.0
2032-04-27,1,1,1.0
2032-04-28,0,1,0.0
2032-04-29,1,1,1.0
2032-04-30,1,1,1.0
2032-05-01,0,1,0.0
2032-05-02,1,1,1.0
2032-05-03,1,1,1.0
2032-05-04,0,1,0.0
2032-05-05,1,1,1.0
2032-05-06,1,1,1.0
2032-05-07,1,1,1.0
2032-05-08,1,1,1.0
2032-05-09,1,1,1.0
2032-05-10,0,1,0.0
2032-05-11,1,1,1.0
2032-05-12,1,1,1.0
2032-05-13,0,1,0.0
2032-05-14,1,1,1.0
2032-05-15,1,1,1.0
2032-05-16,1,1,1.0
2032-05-17,1,1,1.0
2032-05-18,0,1,0.0
2032-05-19,0,1,0.0
2032-05-20,0,1,0.0
2032-05-21,1,1,1.0
2032-05-22,0,1,0.0
2032-05-23,1,1,1.0
2032-05-24,1,1,1.0
2032-05-25,1,1,1.0
2032-05-26,0,1,0.0
2032-05-27,1,1,1.0
2032-05-28,0,1,0.0
2032-05-29,1,1,1.0
2032-05-30,1,1,1.0
2032-05-31,1,1,1.0
2032-06-01,1,1,1.0
2032-06-02,0,1,0.0
2032-06-03,1,1,1.0
2032-06-04,1,1,1.0
2032-06-05,1,1,1.0
2032-06-06,1,1,1.0
2032-06-07,1,1,1.0
2032-06-08,1,1,1.0
2032-06-09,1,1,1.0
2032-06-10,1,1,1.0
2032-06-11,0,1,0.0
2032-06-12,1,1,1.0
2032-06-13,1,1,1.0
2032-06-14,0,1,0.0
2032-06-15,1,1,1.0
2032-06-16,1,1,1.0
2032-06-17,0,1,0.0
2032-06-18,1,1,1.0
2032-06-19,0,1,0.0
2032-06-20,1,1,1.0
2032-06-21,1,1,1.0
2032-06-22,0,1,0.0
2032-06-23,1,1,1.0
2032-06-24,0,1,0.0
2032-06-25,1,1,1.0
2032-06-26,0,1,0.0
2032-06-27,0,1,0.0
2032-06-28,1,1,1.0
2032-06-29,0,1,0.0
2032-06-30,0,1,0.0
2032-07-01,0,1,0.0
2032-07-02,1,1,1.0
2032-07-03,1,1,1.0
2032-07-04,0,1,0.0
2032-07-05,0,1,0.0
2032-07-06,0,1,0.0
2032-07-07,0,1,0.0
2032-07-08,1,1,1.0
2032-07-09,1,1,1.0
2032-07-10,0,1,0.0
2032-07-11,1,1,1.0
2032-07-12,0,1,0.0
2032-07-13,1,1,1.0
2032-07-14,0,1,0.0
2032-07-15,1,1,1.0
2032-07-16,1,1,1.0
2032-07-17,1,1,1.0
2032-07-18,1,1,1.0
2032-07-19,1,1,1.0
2032-07-20,0,1,0.0
2032-07-21,0,1,0.0
2032-07-22,0,1,0.0
2032-07-23,1,1,1.0
2032-07-24,0,1,0.0
2032-07-25,1,1,1.0
2032-07-26,1,1,1.0
2032-07-27,1,1,1.0
2032-07-28,1,1,1.0
2032-07-29,1,1,1.0
2032-07-30,1,1,1.0
2032-07-31,1,1,1.0
2032-08-01,1,1,1.0
2032-08-02,1,1,1.0
2032-08-03,1,1,1.0
2032-08-04,0,1,0.0
2032-08-05,1,1,1.0
2032-08-06,0,1,0.0
2032-08-07,0,1,0.0
2032-08-08,0,1,0.0
2032-08-09,1,1,1.0
2032-08-10,0,1,0.0
2032-08-11,1,1,1.0
2032-08-12,1,1,1.0
2032-08-13,1,1,1.0
2032-08-14,1,1,1.0
2032-08-15,1,1,1.0
2032-08-16,1,1,1.0
2032-08-17,1,1,1.0
2032-08-18,1,1,1.0
2032-08-19,1,1,1.0
2032-08-20,1,1,1.0
2032-08-21,0,1,0.0
2032-08-22,1,1,1.0
2032-08-23,0,1,0.0
2032-08-24,1,1,1.0
2032-08-25,1,1,1.0
2032-08-26,1,1,1.0
2032-08-27,1,1,1.0
2032-08-28,0,1,0.0
2032-08-29,0,1,0.0
2032-08-30,1,1,1.0
2032-08-31,1,1,1.0
2032-09-01,1,1,1.0
2032-09-02,0,1,0.0
2032-09-03,1,1,1.0
2032-09-04,1,1,1.0
2032-09-05,1,1,1.0
2032-09-06,1,1,1.0
2032-09-07,1,1,1.0
2032-09-08,0,1,0.0
2032-09-09,1,1,1.0
2032-09-10,1,1,1.0
2032-09-11,0,1,0.0
2032-09-12,1,1,1.0
2032-09-13,1,1,1.0
2032-09-14,1,1,1.0
2032-09-15,0,1,0.0
2032-09-16,1,1,1.0
2032-09-17,1,1,1.0
2032-09-18,1,1,1.0
2032-09-19,1,1,1.0
2032-09-20,1,1,1.0
2032-09-21,1,1,1.0
2032-09-22,1,1,1.0
2032-09-23,1,1,1.0
2032-09-24,1,1,1.0
2032-09-25,1,1,1.0
2032-09-26,1,1,1.0
2032-09-27,1,1,1.0
2032-09-28,1,1,1.0
2032-09-29,1,1,1.0
2032-09-30,1,1,1.0
2032-10-01,0,1,0.0
2032-10-02,1,1,1.0
2032-10-03,1,1,1.0
2032-10-04,1,1,1.0
2032-10-05,1,1,1.0
2032-10-06,1,1,1.0
2032-10-07,1,1,1.0
2032-10-08,1,1,1.0
2032-10-09,1,1,1.0
2032-10-10,1,1,1.0
2032-10-11,1,1,1.0
2032-10-12,1,1,1.0
2032-10-13,1,1,1.0
2032-10-14,0,1,0.0
2032-10-15,1,1,1.0
2032-10-16,1,1,1.0
2032-10-17,0,1,0.0
2032-10-18,1,1,1.0
2032-10-19,1,1,1.0
2032-10-20,1,1,1.0
2032-10-21,0,1,0.0
2032-10-22,1,1,1.0
2032-10-23,0,1,0.0
2032-10-24,1,1,1.0
2032-10-25,1,1,1.0
2032-10-26,0,1,0.0
2032-10-27,0,1,0.0
2032-10-28,1,1,1.0
2032-10-29,1,1,1.0
2032-10-30,1,1,1.0
2032-10-31,1,1,1.0
2032-11-01,0,1,0.0
2032-11-02,0,1,0.0
2032-11-03,1,1,1.0
2032-11-04,0,1,0.0
2032-11-05,1,1,1.0
2032-11-06,0,1,0.0
2032-11-07,1,1,1.0
2032-11-08,1,1,1.0
2032-11-09,1,1,1.0
2032-11-10,0,1,0.0
2032-11-11,1,1,1.0
2032-11-12,1,1,1.0
2032-11-13,1,1,1.0
2032-11-14,1,1,1.0
2032-11-15,1,1,1.0
2032-11-16,1,1,1.0
2032-11-17,1,1,1.0
2032-11-18,0,1,0.0
2032-11-19,0,1,0.0
2032-11-20,1,1,1.0
2032-11-21,1,1,1.0
2032-11-22,1,1,1.0
2032-11-23,0,1,0.0
2032-11-24,0,1,0.0
2032-11-25,1,1,1.0
2032-11-26,0,1,0.0
2032-11-27,1,1,1.0
2032-11-28,1,1,1.0
2032-11-29,0,1,0.0
2032-11-30,1,1,1.0
2032-12-01,1,1,1.0
2032-12-02,1,1,1.0
2032-12-03,1,1,1.0
2032-12-04,1,1,1.0
2032-12-05,0,1,0.0
2032-12-06,1,1,1.0
2032-12-07,0,1,0.0
2032-12-08,1,1,1.0
2032-12-09,1,1,1.0
2032-12-10,1,1,1.0
2032-12-11,1,1,1.0
2032-12-12,0,1,0.0
2032-12-13,0,1,0.0
2032-12-14,0,1,0.0
2032-12-15,1,1,1.0
2032-12-16,1,1,1.0
2032-12-17,1,1,1.0
2032-12-18,0,1,0.0
2032-12-19,1,1,1.0
2032-12-20,0,1,0.0
2032-12-21,1,1,1.0
2032-12-22,1,1,1.0
2032-12-23,1,1,1.0
2032-12-24,0,1,0.0
2032-12-25,0,1,0.0
2032-12-26,1,1,1.0
2032-12-27,1,1,1.0
2032-12-28,1,1,1.0
2032-12-29,1,1,1.0
2032-12-30,1,1,1.0
2032-12-31,1,1,1.0
2033-01-01,1,1,1.0
2033-01-02,1,1,1.0
2033-01-03,0,1,0.0
2033-01-04,1,1,1.0
2033-01-05,1,1,1.0
2033-01-06,1,1,1.0
2033-01-07,1,1,1.0
2033-01-08,1,1,1.0
2033-01-09,1,1,1.0
2033-01-10,0,1,0.0
2033-01-11,1,1,1.0
2033-01-12,1,1,1.0
2033-01-13,1,1,1.0
2033-01-14,1,1,1.0
2033-01-15,1,1,1.0
2033-01-16,1,1,1.0
2033-01-17,1,1,1.0
2033-01-18,1,1,1.0
2033-01-19,1,1,1.0
2033-01-20,1,1,1.0
2033-01-21,1,1,1.0
2033-01-22,1,1,1.0
2033-01-23,1,1,1.0
2033-01-24,0,1,0.0
2033-01-25,1,1,1.0
2033-01-26,0,1,0.0
2033-01-27,1,1,1.0
2033-01-28,1,1,1.0
2033-01-29,0,1,0.0
2033-01-30,1,1,1.0
2033-01-31,1,1,1.0
2033-02-01,1,1,1.0
2033-02-02,1,1,1.0
2033-02-03,1,1,1.0
2033-02-04,1,1,1.0
2033-02-05,1,1,1.0
2033-02-06,0,1,0.0
2033-02-07,0,1,0.0
2033-02-08,0,1,0.0
2033-02-09,0,1,0.0
2033-02-10,1,1,1.0
2033-02-11,1,1,1.0
2033-02-12,0,1,0.0
2033-02-13,1,1,1.0
2033-02-14,1,1,1.0
2033-02-15,1,1,1.0
2033-02-16,1,1,1.0
2033-02-17,0,1,0.0
2033-02-18,1,1,1.0
2033-02-19,1,1,1.0
2033-02-20,1,1,1.0
2033-02-21,1,1,1.0
2033-02-22,0,1,0.0
2033-02-23,1,1,1.0
2033-02-24,1,1,1.0
2033-02-25,1,1,1.0
2033-02-26,1,1,1.0
2033-02-27,1,1,1.0
2033-02-28,0,1,0.0
2033-03-01,1,1,1.0
2033-03-02,1,1,1.0
2033-03-03,1,1,1.0
2033-03-04,1,1,1.0
2033-03-05,1,1,1.0
2033-03-06,1,1,1.0
2033-03-07,1,1,1.0
2033-03-08,0,1,0.0
2033-03-09,1,1,1.0
2033-03-10,1,1,1.0
2033-03-11,1,1,1.0
2033-03-12,1,1,1.0
2033-03-13,0,1,0.0
2033-03-14,0,1,0.0
2033-03-15,1,1,1.0
2033-03-16,1,1,1.0
2033-03-17,1,1,1.0
2033-03-18,0,1,0.0
2033-03-19,1,1,1.0
2033-03-20,1,1,1.0
2033-03-21,1,1,1.0
2033-03-22,1,1,1.0
2033-03-23,1,1,1.0
2033-03-24,0,1,0.0
2033-03-25,0,1,0.0
2033-03-26,1,1,1.0
2033-03-27,0,1,0.0
2033-03-28,1,1,1.0
2033-03-29,1,1,1.0
2033-03-30,1,1,1.0
2033-03-31,1,1,1.0
2033-04-01,1,1,1.0
2033-04-02,0,1,0.0
2033-04-03,1,1,1.0
2033-04-04,1,1,1.0
2033-04-05,1,1,1.0
2033-04-06,1,1,1.0
2033-04-07,0,1,0.0
2033-04-08,0,1,0.0
2033-04-09,1,1,1.0
2033-04-10,1,1,1.0
2033-04-11,1,1,1.0
2033-04-12,1,1,1.0
2033-04-13,1,1,1.0
2033-04-14,1,1,1.0
2033-04-15,1,1,1.0
2033-04-16,1,1,1.0
2033-04-17,1,1,1.0
2033-04-18,0,1,0.0
2033-04-19,1,1,1.0
2033-04-20,1,1,1.0
2033-04-21,1,1,1.0
2033-04-22,1,1,1.0
2033-04-23,1,1,1.0
2033-04-24,1,1,1.0
2033-04-25,0,1,0.0
2033-04-26,1,1,1.0
2033-04-27,1,1,1.0
2033-04-28,0,1,0.0
2033-04-29,1,1,1.0
2033-04-30,0,1,0.0
2033-05-01,1,1,1.0
2033-05-02,0,1,0.0
2033-05-03,0,1,0.0
2033-05-04,1,1,1.0
2033-05-05,0,1,0.0
2033-05-06,0,1,0.0
2033-05-07,1,1,1.0
2033-05-08,1,1,1.0
2033-05-09,1,1,1.0
2033-05-10,1,1,1.0
2033-05-11,0,1,0.0
2033-05-12,1,1,1.0
2033-05-13,1,1,1.0
2033-05-14,1,1,1.0
2033-05-15,1,1,1.0
2033-05-16,1,1,1.0
2033-05-17,1,1,1.0
2033-05-18,0,1,0.0
2033-05-19,1,1,1.0
2033-05-20,1,1,1.0
2033-05-21,1,1,1.0
2033-05-22,1,1,1.0
2033-05-23,0,1,0.0
2033-05-24,1,1,1.0
2033-05-25,0,1,0.0
2033-05-26,0,1,0.0
2033-05-27,1,1,1.0
2033-05-28,1,1,1.0
2033-05-29,1,1,1.0
2033-05-30,1,1,1.0
2033-05-31,1,1,1.0
2033-06-01,0,1,0.0
2033-06-02,0,1,0.0
2033-06-03,0,1,0.0
2033-06-04,0,1,0.0
2033-06-05,0,1,0.0
2033-06-06,1,1,1.0
2033-06-07,1,1,1.0
2033-06-08,0,1,0.0
2033-06-09,1,1,1.0
2033-06-10,1,1,1.0
2033-06-11,1,1,1.0
2033-06-12,1,1,1.0
2033-06-13,1,1,1.0
2033-06-14,0,1,0.0
2033-06-15,1,1,1.0
2033-06-16,0,1,0.0
2033-06-17,0,1,0.0
2033-06-18,1,1,1.0
2033-06-19,0,1,0.0
2033-06-20,1,1,1.0
2033-06-21,1,1,1.0
2033-06-22,1,1,1.0
2033-06-23,1,1,1.0
2033-06-24,1,1,1.0
2033-06-25,0,1,0.0
2033-06-26,1,1,1.0
2033-06-27,1,1,1.0
2033-06-28,1,1,1.0
2033-06-29,1,1,1.0
2033-06-30,1,1,1.0
2033-07-01,1,1,1.0
2033-07-02,1,1,1.0
2033-07-03,1,1,1.0
2033-07-04,0,1,0.0
2033-07-05,0,1,0.0
2033-07-06,1,1,1.0
2033-07-07,0,1,0.0
2033-07-08,0,1,0.0
2033-07-09,1,1,1.0
2033-07-10,1,1,1.0
2033-07-11,1,1,1.0
2033-07-12,1,1,1.0
2033-07-13,1,1,1.0
2033-07-14,1,1,1.0
2033-07-15,1,1,1.0
2033-07-16,1,1,1.0
2033-07-17,1,1,1.0
2033-07-18,1,1,1.0
2033-07-19,1,1,1.0
2033-07-20,0,1,0.0
2033-07-21,1,1,1.0
2033-07-22,0,1,0.0
2033-07-23,1,1,1.0
2033-07-24,0,1,0.0
2033-07-25,1,1,1.0
2033-07-26,0,1,0.0
2033-07-27,1,1,1.0
2033-07-28,1,1,1.0
2033-07-29,1,1,1.0
2033-07-30,1,1,1.0
2033-07-31,1,1,1.0
2033-08-01,0,1,0.0
2033-08-02,1,1,1.0
2033-08-03,1,1,1.0
2033-08-04,1,1,1.0
2033-08-05,1,1,1.0
2033-08-06,1,1,1.0
2033-08-07,1,1,1.0
2033-08-08,1,1,1.0
2033-08-09,1,1,1.0
2033-08-10,1,1,1.0
2033-08-11,1,1,1.0
2033-08-12,0,1,0.0
2033-08-13,0,1,0.0
2033-08-14,1,1,1.0
2033-08-15,1,1,1.0
2033-08-16,1,1,1.0
2033-08-17,0,1,0.0
2033-08-18,0,1,0.0
2033-08-19,1,1,1.0
2033-08-20,1,1,1.0
2033-08-21,1,1,1.0
2033-08-22,1,1,1.0
2033-08-23,1,1,1.0
2033-08-24,1,1,1.0
2033-08-25,1,1,1.0
2033-08-26,0,1,0.0
2033-08-27,1,1,1.0
2033-08-28,1,1,1.0
2033-08-29,1,1,1.0
2033-08-30,1,1,1.0
2033-08-31,1,1,1.0
2033-09-01,1,1,1.0
2033-09-02,1,1,1.0
2033-09-03,0,1,0.0
2033-09-04,1,1,1.0
2033-09-05,1,1,1.0
2033-09-06,1,1,1.0
2033-09-07,1,1,1.0
2033-09-08,1,1,1.0
2033-09-09,1,1,1.0
2033-09-10,1,1,1.0
2033-09-11,0,1,0.0
2033-09-12,1,1,1.0
2033-09-13,0,1,0.0
2033-09-14,0,1,0.0
2033-09-15,1,1,1.0
2033-09-16,1,1,1.0
2033-09-17,0,1,0.0
2033-09-18,0,1,0.0
2033-09-19,1,1,1.0
2033-09-20,1,1,1.0
2033-09-21,1,1,1.0
2033-09-22,0,1,0.0
2033-09-23,1,1,1.0
2033-09-24,1,1,1.0
2033-09-25,0,1,0.0
2033-09-26,1,1,1.0
2033-09-27,1,1,1.0
2033-09-28,1,1,1.0
2033-09-29,1,1,1.0
2033-09-30,1,1,1.0
2033-10-01,1,1,1.0
2033-10-02,1,1,1.0
2033-10-03,1,1,1.0
2033-10-04,1,1,1.0
2033-10-05,1,1,1.0
2033-10-06,1,1,1.0
2033-10-07,1,1,1.0
2033-10-08,1,1,1.0
2033-10-09,1,1,1.0
2033-10-10,0,1,0.0
2033-10-11,1,1,1.0
2033-10-12,1,1,1.0
2033-10-13,1,1,1.0
2033-10-14,1,1,1.0
2033-10-15,1,1,1.0
2033-10-16,1,1,1.0
2033-10-17,0,1,0.0
2033-10-18,1,1,1.0
2033-10-19,1,1,1.0
2033-10-20,1,1,1.0
2033-10-21,1,1,1.0
2033-10-22,1,1,1.0
2033-10-23,0,1,0.0
2033-10-24,1,1,1.0
2033-10-25,1,1,1.0
2033-10-26,1,1,1.0
2033-10-27,1,1,1.0
2033-10-28,1,1,1.0
2033-10-29,1,1,1.0
2033-10-30,1,1,1.0
2033-10-31,0,1,0.0
2033-11-01,0,1,0.0
2033-11-02,1,1,1.0
2033-11-03,0,1,0.0
2033-11-04,0,1,0.0
2033-11-05,1,1,1.0
2033-11-06,1,1,1.0
2033-11-07,1,1,1.0
2033-11-08,1,1,1.0
2033-11-09,1,1,1.0
2033-11-10,0,1,0.0
2033-11-11,1,1,1.0
2033-11-12,1,1,1.0
2033-11-13,0,1,0.0
2033-11-14,1,1,1.0
2033-11-15,1,1,1.0
2033-11-16,1,1,1.0
2033-11-17,1,1,1.0
2033-11-18,1,1,1.0
2033-11-19,0,1,0.0
2033-11-20,1,1,1.0
2033-11-21,1,1,1.0
2033-11-22,1,1,1.0
2033-11-23,1,1,1.0
2033-11-24,0,1,0.0
2033-11-25,1,1,1.0
2033-11-26,0,1,0.0
2033-11-27,0,1,0.0
2033-11-28,1,1,1.0
2033-11-29,0,1,0.0
2033-11-30,1,1,1.0
2033-12-01,1,1,1.0
2033-12-02,1,1,1.0
2033-12-03,1,1,1.0
2033-12-04,0,1,0.0
2033-12-05,1,1,1.0
2033-12-06,1,1,1.0
2033-12-07,1,1,1.0
2033-12-08,0,1,0.0
2033-12-09,1,1,1.0
2033-12-10,0,1,0.0
2033-12-11,1,1,1.0
2033-12-12,1,1,1.0
2033-12-13,1,1,1.0
2033-12-14,0,1,0.0
2033-12-15,1,1,1.0
2033-12-16,1,1,1.0
2033-12-17,0,1,0.0
2033-12-18,0,1,0.0
2033-12-19,1,1,1.0
2033-12-20,1,1,1.0
2033-12-21,1,1,1.0
2033-12-22,1,1,1.0
2033-12-23,0,1,0.0
2033-12-24,1,1,1.0
2033-12-25,0,1,0.0
2033-12-26,1,1,1.0
2033-12-27,0,1,0.0
2033-12-28,1,1,1.0
2033-12-29,1,1,1.0
2033-12-30,0,1,0.0
2033-12-31,1,1,1.0
2034-01-01,1,1,1.0
2034-01-02,1,1,1.0
2034-01-03,1,1,1.0
2034-01-04,1,1,1.0
2034-01-05,1,1,1.0
2034-01-06,1,1,1.0
2034-01-07,1,1,1.0
2034-01-08,1,1,1.0
2034-01-09,1,1,1.0
2034-01-10,1,1,1.0
2034-01-11,1,1,1.0
2034-01-12,1,1,1.0
2034-01-13,1,1,1.0
2034-01-14,1,1,1.0
2034-01-15,0,1,0.0
2034-01-16,1,1,1.0
2034-01-17,1,1,1.0
2034-01-18,0,1,0.0
2034-01-19,0,1,0.0
2034-01-20,1,1,1.0
2034-01-21,1,1,1.0
2034-01-22,1,1,1.0
2034-01-23,0,1,0.0
2034-01-24,1,1,1.0
2034-01-25,1,1,1.0
2034-01-26,1,1,1.0
2034-01-27,1,1,1.0
2034-01-28,1,1,1.0
2034-01-29,1,1,1.0
2034-01-30,1,1,1.0
2034-01-31,1,1,1.0
2034-02-01,1,1,1.0
2034-02-02,0,1,0.0
2034-02-03,1,1,1.0
2034-02-04,0,1,0.0
2034-02-05,1,1,1.0
2034-02-06,1,1,1.0
2034-02-07,1,1,1.0
2034-02-08,1,1,1.0
2034-02-09,1,1,1.0
2034-02-10,0,1,0.0
2034-02-11,0,1,0.0
2034-02-12,1,1,1.0
2034-02-13,1,1,1.0
2034-02-14,0,1,0.0
2034-02-15,1,1,1.0
2034-02-16,0,1,0.0
2034-02-17,1,1,1.0
2034-02-18,1,1,1.0
2034-02-19,0,1,0.0
2034-02-20,1,1,1.0
2034-02-21,1,1,1.0
2034-02-22,1,1,1.0
2034-02-23,0,1,0.0
2034-02-24,1,1,1.0
2034-02-25,1,1,1.0
2034-02-26,1,1,1.0
2034-02-27,0,1,0.0
2034-02-28,1,1,1.0
2034-03-01,0,1,0.0
2034-03-02,1,1,1.0
2034-03-03,1,1,1.0
2034-03-04,1,1,1.0
2034-03-05,1,1,1.0
2034-03-06,1,1,1.0
2034-03-07,1,1,1.0
2034-03-08,1,1,1.0
2034-03-09,1,1,1.0
2034-03-10,0,1,0.0
2034-03-11,1,1,1.0
2034-03-12,1,1,1.0
2034-03-13,0,1,0.0
2034-03-14,0,1,0.0
2034-03-15,1,1,1.0
2034-03-16,1,1,1.0
2034-03-17,0,1,0.0
2034-03-18,1,1,1.0
2034-03-19,1,1,1.0
2034-03-20,1,1,1.0
2034-03-21,1,1,1.0
2034-03-22,1,1,1.0
2034-03-23,1,1,1.0
2034-03-24,1,1,1.0
2034-03-25,1,1,1.0
2034-03-26,0,1,0.0
2034-03-27,1,1,1.0
2034-03-28,0,1,0.0
2034-03-29,0,1,0.0
2034-03-30,1,1,1.0
2034-03-31,1,1,1.0
2034-04-01,1,1,1.0
2034-04-02,1,1,1.0
2034-04-03,0,1,0.0
2034-04-04,1,1,1.0
2034-04-05,1,1,1.0
2034-04-06,1,1,1.0
2034-04-07,1,1,1.0
2034-04-08,1,1,1.0
2034-04-09,0,1,0.0
2034-04-10,1,1,1.0
2034-04-11,1,1,1.0
2034-04-12,0,1,0.0
2034-04-13,1,1,1.0
2034-04-14,1,1,1.0
2034-04-15,1,1,1.0
2034-04-16,0,1,0.0
2034-04-17,1,1,1.0
2034-04-18,1,1,1.0
2034-04-19,0,1,0.0
2034-04-20,1,1,1.0
2034-04-21,0,1,0.0
2034-04-22,1,1,1.0
2034-04-23,1,1,1.0
2034-04-24,1,1,1.0
2034-04-25,1,1,1.0
2034-04-26,1,1,1.0
2034-04-27,1,1,1.0
2034-04-28,0,1,0.0
2034-04-29,0,1,0.0
2034-04-30,0,1,0.0
2034-05-01,1,1,1.0
2034-05-02,0,1,0.0
2034-05-03,1,1,1.0
2034-05-04,1,1,1.0
2034-05-05,1,1,1.0
2034-05-06,1,1,1.0
2034-05-07,0,1,0.0
2034-05-08,1,1,1.0
2034-05-09,1,1,1.0
2034-05-10,0,1,0.0
2034-05-11,0,1,0.0
2034-05-12,1,1,1.0
2034-05-13,0,1,0.0
2034-05-14,1,1,1.0
2034-05-15,1,1,1.0
2034-05-16,0,1,0.0
2034-05-17,1,1,1.0
2034-05-18,0,1,0.0
2034-05-19,0,1,0.0
2034-05-20,1,1,1.0
2034-05-21,1,1,1.0
2034-05-22,0,1,0.0
2034-05-23,1,1,1.0
2034-05-24,1,1,1.0
2034-05-25,1,1,1.0
2034-05-26,1,1,1.0
2034-05-27,1,1,1.0
2034-05-28,0,1,0.0
2034-05-29,1,1,1.0
2034-05-30,1,1,1.0
2034-05-31,1,1,1.0
2034-06-01,1,1,1.0
2034-06-02,1,1,1.0
2034-06-03,0,1,0.0
2034-06-04,1,1,1.0
2034-06-05,0,1,0.0
2034-06-06,1,1,1.0
2034-06-07,1,1,1.0
2034-06-08,0,1,0.0
2034-06-09,1,1,1.0
2034-06-10,0,1,0.0
2034-06-11,0,1,0.0
2034-06-12,1,1,1.0
2034-06-13,1,1,1.0
2034-06-14,1,1,1.0
2034-06-15,1,1,1.0
2034-06-16,0,1,0.0
2034-06-17,1,1,1.0
2034-06-18,0,1,0.0
2034-06-19,0,1,0.0
2034-06-20,1,1,1.0
2034-06-21,1,1,1.0
2034-06-22,0,1,0.0
2034-06-23,1,1,1.0
2034-06-24,1,1,1.0
2034-06-25,1,1,1.0
2034-06-26,0,1,0.0
2034-06-27,0,1,0.0
2034-06-28,1,1,1.0
2034-06-29,1,1,1.0
2034-06-30,1,1,1.0
2034-07-01,1,1,1.0
2034-07-02,1,1,1.0
2034-07-03,0,1,0.0
2034-07-04,1,1,1.0
2034-07-05,1,1,1.0
2034-07-06,1,1,1.0
2034-07-07,1,1,1.0
2034-07-08,0,1,0.0
2034-07-09,1,1,1.0
2034-07-10,1,1,1.0
2034-07-11,0,1,0.0
2034-07-12,0,1,0.0
2034-07-13,1,1,1.0
2034-07-14,1,1,1.0
2034-07-15,1,1,1.0
2034-07-16,1,1,1.0
2034-07-17,1,1,1.0
2034-07-18,1,1,1.0
2034-07-19,0,1,0.0
2034-07-20,1,1,1.0
2034-07-21,1,1,1.0
2034-07-22,1,1,1.0
2034-07-23,1,1,1.0
2034-07-24,1,1,1.0
2034-07-25,1,1,1.0
2034-07-26,1,1,1.0
2034-07-27,1,1,1.0
2034-07-28,1,1,1.0
2034-07-29,1,1,1.0
2034-07-30,1,1,1.0
2034-07-31,0,1,0.0
2034-08-01,0,1,0.0
2034-08-02,0,1,0.0
2034-08-03,1,1,1.0
2034-08-04,1,1,1.0
2034-08-05,0,1,0.0
2034-08-06,1,1,1.0
2034-08-07,1,1,1.0
2034-08-08,1,1,1.0
2034-08-09,1,1,1.0
2034-08-10,1,1,1.0
2034-08-11,0,1,0.0
2034-08-12,1,1,1.0
2034-08-13,1,1,1.0
2034-08-14,1,1,1.0
2034-08-15,0,1,0.0
2034-08-16,1,1,1.0
2034-08-17,0,1,0.0
2034-08-18,1,1,1.0
2034-08-19,1,1,1.0
2034-08-20,0,1,0.0
2034-08-21,1,1,1.0
2034-08-22,1,1,1.0
2034-08-23,0,1,0.0
2034-08-24,1,1,1.0
2034-08-25,1,1,1.0
2034-08-26,1,1,1.0
2034-08-27,1,1,1.0
2034-08-28,1,1,1.0
2034-08-29,0,1,0.0
2034-08-30,1,1,1.0
2034-08-31,0,1,0.0
2034-09-01,1,1,1.0
2034-09-02,1,1,1.0
2034-09-03,0,1,0.0
2034-09-04,0,1,0.0
2034-09-05,1,1,1.0
2034-09-06,1,1,1.0
2034-09-07,0,1,0.0
2034-09-08,1,1,1.0
2034-09-09,0,1,0.0
2034-09-10,1,1,1.0
2034-09-11,0,1,0.0
2034-09-12,1,1,1.0
2034-09-13,1,1,1.0
2034-09-14,1,1,1.0
2034-09-15,1,1,1.0
2034-09-16,0,1,0.0
2034-09-17,0,1,0.0
2034-09-18,1,1,1.0
2034-09-19,1,1,1.0
2034-09-20,0,1,0.0
2034-09-21,1,1,1.0
2034-09-22,0,1,0.0
2034-09-23,1,1,1.0
2034-09-24,1,1,1.0
2034-09-25,0,1,0.0
2034-09-26,1,1,1.0
2034-09-27,1,1,1.0
2034-09-28,1,1,1.0
2034-09-29,1,1,1.0
2034-09-30,0,1,0.0
2034-10-01,1,1,1.0
2034-10-02,1,1,1.0
2034-10-03,1,1,1.0
2034-10-04,1,1,1.0
2034-10-05,1,1,1.0
2034-10-06,1,1,1.0
2034-10-07,1,1,1.0
2034-10-08,0,1,0.0
2034-10-09,0,1,0.0
2034-10-10,1,1,1.0
2034-10-11,1,1,1.0
2034-10-12,1,1,1.0
2034-10-13,1,1,1.0
2034-10-14,1,1,1.0
2034-10-15,0,1,0.0
2034-10-16,0,1,0.0
2034-10-17,1,1,1.0
2034-10-18,1,1,1.0
2034-10-19,1,1,1.0
2034-10-20,1,1,1.0
2034-10-21,1,1,1.0
2034-10-22,1,1,1.0
2034-10-23,1,1,1.0
2034-10-24,1,1,1.0
2034-10-25,0,1,0.0
2034-10-26,1,1,1.0
2034-10-27,1,1,1.0
2034-10-28,0,1,0.0
2034-10-29,1,1,1.0
2034-10-30,1,1,1.0
2034-10-31,1,1,1.0
2034-11-01,1,1,1.0
2034-11-02,1,1,1.0
2034-11-03,1,1,1.0
2034-11-04,1,1,1.0
2034-11-05,0,1,0.0
2034-11-06,1,1,1.0
2034-11-07,1,1,1.0
2034-11-08,1,1,1.0
2034-11-09,1,1,1.0
2034-11-10,0,1,0.0
2034-11-11,0,1,0.0
2034-11-12,1,1,1.0
2034-11-13,1,1,1.0
2034-11-14,1,1,1.0
2034-11-15,1,1,1.0
2034-11-16,0,1,0.0
2034-11-17,0,1,0.0
2034-11-18,1,1,1.0
2034-11-19,1,1,1.0
2034-11-20,1,1,1.0
2034-11-21,0,1,0.0
2034-11-22,1,1,1.0
2034-11-23,1,1,1.0
2034-11-24,1,1,1.0
2034-11-25,1,1,1.0
2034-11-26,1,1,1.0
2034-11-27,1,1,1.0
2034-11-28,0,1,0.0
2034-11-29,0,1,0.0
2034-11-30,0,1,0.0
2034-12-01,0,1,0.0
2034-12-02,1,1,1.0
2034-12-03,1,1,1.0
2034-12-04,0,1,0.0
2034-12-05,0,1,0.0
2034-12-06,1,1,1.0
2034-12-07,1,1,1.0
2034-12-08,1,1,1.0
2034-12-09,1,1,1.0
2034-12-10,0,1,0.0
2034-12-11,1,1,1.0
2034-12-12,1,1,1.0
2034-12-13,1,1,1.0
2034-12-14,1,1,1.0
2034-12-15,1,1,1.0
2034-12-16,1,1,1.0
2034-12-17,1,1,1.0
2034-12-18,1,1,1.0
2034-12-19,1,1,1.0
2034-12-20,1,1,1.0
2034-12-21,0,1,0.0
2034-12-22,1,1,1.0
2034-12-23,0,1,0.0
2034-12-24,1,1,1.0
2034-12-25,0,1,0.0
2034-12-26,0,1,0.0
2034-12-27,1,1,1.0
2034-12-28,1,1,1.0
2034-12-29,1,1,1.0
2034-12-30,0,1,0.0
2034-12-31,1,1,1.0
2035-01-01,0,1,0.0
2035-01-02,1,1,1.0
2035-01-03,1,1,1.0
2035-01-04,0,1,0.0
2035-01-05,1,1,1.0
2035-01-06,0,1,0.0
2035-01-07,0,1,0.0
2035-01-08,1,1,1.0
2035-01-09,1,1,1.0
2035-01-10,1,1,1.0
2035-01-11,0,1,0.0
2035-01-12,0,1,0.0
2035-01-13,1,1,1.0
2035-01-14,1,1,1.0
2035-01-15,1,1,1.0
2035-01-16,1,1,1.0
2035-01-17,1,1,1.0
2035-01-18,0,1,0.0
2035-01-19,1,1,1.0
2035-01-20,1,1,1.0
2035-01-21,1,1,1.0
2035-01-22,0,1,0.0
2035-01-23,1,1,1.0
2035-01-24,1,1,1.0
2035-01-25,1,1,1.0
2035-01-26,1,1,1.0
2035-01-27,1,1,1.0
2035-01-28,1,1,1.0
2035-01-29,1,1,1.0
2035-01-30,1,1,1.0
2035-01-31,1,1,1.0
2035-02-01,1,1,1.0
2035-02-02,1,1,1.0
2035-02-03,0,1,0.0
2035-02-04,1,1,1.0
2035-02-05,1,1,1.0
2035-02-06,1,1,1.0
2035-02-07,1,1,1.0
2035-02-08,1,1,1.0
2035-02-09,1,1,1.0
2035-02-10,1,1,1.0
2035-02-11,1,1,1.0
2035-02-12,1,1,1.0
2035-02-13,1,1,1.0
2035-02-14,0,1,0.0
2035-02-15,0,1,0.0
2035-02-16,1,1,1.0
2035-02-17,0,1,0.0
2035-02-18,1,1,1.0
2035-02-19,1,1,1.0
2035-02-20,1,1,1.0
2035-02-21,0,1,0.0
2035-02-22,1,1,1.0
2035-02-23,0,1,0.0
2035-02-24,1,1,1.0
2035-02-25,1,1,1.0
2035-02-26,1,1,1.0
2035-02-27,1,1,1.0
2035-02-28,1,1,1.0
2035-03-01,1,1,1.0
2035-03-02,0,1,0.0
2035-03-03,0,1,0.0
2035-03-04,0,1,0.0
2035-03-05,0,1,0.0
2035-03-06,1,1,1.0
2035-03-07,1,1,1.0
2035-03-08,0,1,0.0
2035-03-09,0,1,0.0
2035-03-10,1,1,1.0
2035-03-11,1,1,1.0
2035-03-12,0,1,0.0
2035-03-13,0,1,0.0
2035-03-14,1,1,1.0
2035-03-15,0,1,0.0
2035-03-16,0,1,0.0
2035-03-17,1,1,1.0
2035-03-18,1,1,1.0
2035-03-19,1,1,1.0
2035-03-20,1,1,1.0
2035-03-21,1,1,1.0
2035-03-22,0,1,0.0
2035-03-23,1,1,1.0
2035-03-24,1,1,1.0
2035-03-25,1,1,1.0
2035-03-26,0,1,0.0
2035-03-27,1,1,1.0
2035-03-28,0,1,0.0
2035-03-29,0,1,0.0
2035-03-30,0,1,0.0
2035-03-31,0,1,0.0
2035-04-01,0,1,0.0
2035-04-02,1,1,1.0
2035-04-03,0,1,0.0
2035-04-04,0,1,0.0
2035-04-05,1,1,1.0
2035-04-06,0,1,0.0
2035-04-07,0,1,0.0
2035-04-08,1,1,1.0
2035-04-09,1,1,1.0
2035-04-10,1,1,1.0
2035-04-11,0,1,0.0
2035-04-12,1,1,1.0
2035-04-13,0,1,0.0
2035-04-14,1,1,1.0
2035-04-15,1,1,1.0
2035-04-16,1,1,1.0
2035-04-17,1,1,1.0
2035-04-18,1,1,1.0
2035-04-19,0,1,0.0
2035-04-20,1,1,1.0
2035-04-21,1,1,1.0
2035-04-22,0,1,0.0
2035-04-23,1,1,1.0
2035-04-24,0,1,0.0
2035-04-25,1,1,1.0
2035-04-26,1,1,1.0
2035-04-27,1,1,1.0
2035-04-28,1,1,1.0
2035-04-29,1,1,1.0
2035-04-30,1,1,1.0
2035-05-01,1,1,1.0
2035-05-02,1,1,1.0
2035-05-03,1,1,1.0
2035-05-04,0,1,0.0
2035-05-05,1,1,1.0
2035-05-06,0,1,0.0
2035-05-07,0,1,0.0
2035-05-08,1,1,1.0
2035-05-09,0,1,0.0
2035-05-10,0,1,0.0
2035-05-11,1,1,1.0
2035-05-12,1,1,1.0
2035-05-13,1,1,1.0
2035-05-14,1,1,1.0
2035-05-15,1,1,1.0
2035-05-16,1,1,1.0
2035-05-17,1,1,1.0
2035-05-18,1,1,1.0
2035-05-19,1,1,1.0
2035-05-20,1,1,1.0
2035-05-21,1,1,1.0
2035-05-22,1,1,1.0
2035-05-23,1,1,1.0
2035-05-24,0,1,0.0
2035-05-25,0,1,0.0
2035-05-26,1,1,1.0
2035-05-27,1,1,1.0
2035-05-28,1,1,1.0
2035-05-29,1,1,1.0
2035-05-30,0,1,0.0
2035-05-31,1,1,1.0
2035-06-01,1,1,1.0
2035-06-02,0,1,0.0
2035-06-03,1,1,1.0
2035-06-04,1,1,1.0
2035-06-05,1,1,1.0
2035-06-06,0,1,0.0
2035-06-07,0,1,0.0
2035-06-08,1,1,1.0
2035-06-09,1,1,1.0
2035-06-10,1,1,1.0
2035-06-11,1,1,1.0
2035-06-12,0,1,0.0
2035-06-13,1,1,1.0
2035-06-14,1,1,1.0
2035-06-15,1,1,1.0
2035-06-16,0,1,0.0
2035-06-17,1,1,1.0
2035-06-18,1,1,1.0
2035-06-19,1,1,1.0
2035-06-20,1,1,1.0
2035-06-21,1,1,1.0
2035-06-22,0,1,0.0
2035-06-23,1,1,1.0
2035-06-24,0,1,0.0
2035-06-25,0,1,0.0
2035-06-26,1,1,1.0
2035-06-27,1,1,1.0
2035-06-28,0,1,0.0
2035-06-29,1,1,1.0
2035-06-30,1,1,1.0
2035-07-01,0,1,0.0
2035-07-02,1,1,1.0
2035-07-03,1,1,1.0
2035-07-04,0,1,0.0
2035-07-05,1,1,1.0
2035-07-06,1,1,1.0
2035-07-07,1,1,1.0
2035-07-08,1,1,1.0
2035-07-09,1,1,1.0
2035-07-10,1,1,1.0
2035-07-11,1,1,1.0
2035-07-12,1,1,1.0
2035-07-13,0,1,0.0
2035-07-14,1,1,1.0
2035-07-15,1,1,1.0
2035-07-16,1,1,1.0
2035-07-17,1,1,1.0
2035-07-18,0,1,0.0
2035-07-19,0,1,0.0
2035-07-20,1,1,1.0
2035-07-21,1,1,1.0
2035-07-22,1,1,1.0
2035-07-23,1,1,1.0
2035-07-24,0,1,0.0
2035-07-25,1,1,1.0
2035-07-26,0,1,0.0
2035-07-27,0,1,0.0
2035-07-28,0,1,0.0
2035-07-29,0,1,0.0
2035-07-30,1,1,1.0
2035-07-31,0,1,0.0
2035-08-01,1,1,1.0
2035-08-02,1,1,1.0
2035-08-03,1,1,1.0
2035-08-04,0,1,0.0
2035-08-05,1,1,1.0
2035-08-06,1,1,1.0
2035-08-07,1,1,1.0
2035-08-08,1,1,1.0
2035-08-09,1,1,1.0
2035-08-10,1,1,1.0
2035-08-11,1,1,1.0
2035-08-12,0,1,0.0
2035-08-13,0,1,0.0
2035-08-14,0,1,0.0
2035-08-15,0,1,0.0
2035-08-16,0,1,0.0
2035-08-17,0,1,0.0
2035-08-18,1,1,1.0
2035-08-19,1,1,1.0
2035-08-20,1,1,1.0
2035-08-21,1,1,1.0
2035-08-22,0,1,0.0
2035-08-23,1,1,1.0
2035-08-24,1,1,1.0
2035-08-25,0,1,0.0
2035-08-26,1,1,1.0
2035-08-27,1,1,1.0
2035-08-28,1,1,1.0
2035-08-29,0,1,0.0
2035-08-30,0,1,0.0
2035-08-31,1,1,1.0
2035-09-01,1,1,1.0
2035-09-02,1,1,1.0
2035-09-03,1,1,1.0
2035-09-04,1,1,1.0
2035-09-05,1,1,1.0
2035-09-06,1,1,1.0
2035-09-07,0,1,0.0
2035-09-08,0,1,0.0
2035-09-09,1,1,1.0
2035-09-10,0,1,0.0
2035-09-11,1,1,1.0
2035-09-12,0,1,0.0
2035-09-13,1,1,1.0
2035-09-14,1,1,1.0
2035-09-15,1,1,1.0
2035-09-16,0,1,0.0
2035-09-17,1,1,1.0
2035-09-18,1,1,1.0
2035-09-19,0,1,0.0
2035-09-20,0,1,0.0
2035-09-21,1,1,1.0
2035-09-22,0,1,0.0
2035-09-23,0,1,0.0
2035-09-24,1,1,1.0
2035-09-25,1,1,1.0
2035-09-26,0,1,0.0
2035-09-27,1,1,1.0
2035-09-28,1,1,1.0
2035-09-29,1,1,1.0
2035-09-30,0,1,0.0
2035-10-01,1,1,1.0
2035-10-02,1,1,1.0
2035-10-03,1,1,1.0
2035-10-04,1,1,1.0
2035-10-05,0,1,0.0
2035-10-06,1,1,1.0
2035-10-07,1,1,1.0
2035-10-08,0,1,0.0
2035-10-09,1,1,1.0
2035-10-10,0,1,0.0
2035-10-11,1,1,1.0
2035-10-12,1,1,1.0
2035-10-13,1,1,1.0
2035-10-14,1,1,1.0
2035-10-15,0,1,0.0
2035-10-16,1,1,1.0
2035-10-17,0,1,0.0
2035-10-18,1,1,1.0
2035-10-19,1,1,1.0
2035-10-20,1,1,1.0
2035-10-21,1,1,1.0
2035-10-22,0,1,0.0
2035-10-23,1,1,1.0
2035-10-24,1,1,1.0
2035-10-25,1,1,1.0
2035-10-26,1,1,1.0
2035-10-27,1,1,1.0
2035-10-28,0,1,0.0
2035-10-29,0,1,0.0
2035-10-30,0,1,0.0
2035-10-31,1,1,1.0
2035-11-01,1,1,1.0
2035-11-02,1,1,1.0
2035-11-03,1,1,1.0
2035-11-04,0,1,0.0
2035-11-05,1,1,1.0
2035-11-06,0,1,0.0
2035-11-07,1,1,1.0
2035-11-08,1,1,1.0
2035-11-09,0,1,0.0
2035-11-10,1,1,1.0
2035-11-11,1,1,1.0
2035-11-12,1,1,1.0
2035-11-13,0,1,0.0
2035-11-14,0,1,0.0
2035-11-15,1,1,1.0
2035-11-16,0,1,0.0
2035-11-17,0,1,0.0
2035-11-18,1,1,1.0
2035-11-19,1,1,1.0
2035-11-20,0,1,0.0
2035-11-21,1,1,1.0
2035-11-22,1,1,1.0
2035-11-23,0,1,0.0
2035-11-24,1,1,1.0
2035-11-25,1,1,1.0
2035-11-26,1,1,1.0
2035-11-27,1,1,1.0
2035-11-28,1,1,1.0
2035-11-29,0,1,0.0
2035-11-30,1,1,1.0
2035-12-01,0,1,0.0
2035-12-02,1,1,1.0
2035-12-03,0,1,0.0
2035-12-04,0,1,0.0
2035-12-05,1,1,1.0
2035-12-06,1,1,1.0
2035-12-07,1,1,1.0
2035-12-08,1,1,1.0
2035-12-09,1,1,1.0
2035-12-10,1,1,1.0
2035-12-11,1,1,1.0
2035-12-12,1,1,1.0
2035-12-13,1,1,1.0
2035-12-14,0,1,0.0
2035-12-15,1,1,1.0
2035-12-16,0,1,0.0
2035-12-17,1,1,1.0
2035-12-18,0,1,0.0
2035-12-19,1,1,1.0
2035-12-20,0,1,0.0
2035-12-21,1,1,1.0
2035-12-22,0,1,0.0
2035-12-23,0,1,0.0
2035-12-24,1,1,1.0
2035-12-25,1,1,1.0
2035-12-26,1,1,1.0
2035-12-27,1,1,1.0
2035-12-28,1,1,1.0
2035-12-29,1,1,1.0
2035-12-30,0,1,0.0
2035-12-31,0,1,0.0
2036-01-01,0,1,0.0
2036-01-02,1,1,1.0
2036-01-03,0,1,0.0
2036-01-04,0,1,0.0
2036-01-05,0,1,0.0
2036-01-06,0,1,0.0
2036-01-07,0,1,0.0
2036-01-08,1,1,1.0
2036-01-09,1,1,1.0
2036-01-10,1,1,1.0
2036-01-11,1,1,1.0
2036-01-12,0,1,0.0
2036-01-13,1,1,1.0
2036-01-14,0,1,0.0
2036-01-15,1,1,1.0
2036-01-16,1,1,1.0
2036-01-17,1,1,1.0
2036-01-18,1,1,1.0
2036-01-19,1,1,1.0
2036-01-20,1,1,1.0
2036-01-21,0,1,0.0
2036-01-22,1,1,1.0
2036-01-23,1,1,1.0
2036-01-24,1,1,1.0
2036-01-25,1,1,1.0
2036-01-26,0,1,0.0
2036-01-27,1,1,1.0
2036-01-28,1,1,1.0
2036-01-29,1,1,1.0
2036-01-30,1,1,1.0
2036-01-31,0,1,0.0
2036-02-01,1,1,1.0
2036-02-02,1,1,1.0
2036-02-03,0,1,0.0
2036-02-04,0,1,0.0
2036-02-05,1,1,1.0
2036-02-06,1,1,1.0
2036-02-07,1,1,1.0
2036-02-08,1,1,1.0
2036-02-09,1,1,1.0
2036-02-10,1,1,1.0
2036-02-11,1,1,1.0
2036-02-12,0,1,0.0
2036-02-13,1,1,1.0
2036-02-14,0,1,0.0
2036-02-15,1,1,1.0
2036-02-16,1,1,1.0
2036-02-17,1,1,1.0
2036-02-18,1,1,1.0
2036-02-19,1,1,1.0
2036-02-20,1,1,1.0
2036-02-21,1,1,1.0
2036-02-22,1,1,1.0
2036-02-23,1,1,1.0
2036-02-24,0,1,0.0
2036-02-25,1,1,1.0
2036-02-26,0,1,0.0
2036-02-27,1,1,1.0
2036-02-28,0,1,0.0
2036-02-29,0,1,0.0
2036-03-01,1,1,1.0
2036-03-02,1,1,1.0
2036-03-03,0,1,0.0
2036-03-04,1,1,1.0
2036-03-05,1,1,1.0
2036-03-06,1,1,1.0
2036-03-07,1,1,1.0
2036-03-08,1,1,1.0
2036-03-09,1,1,1.0
2036-03-10,1,1,1.0
2036-03-11,1,1,1.0
2036-03-12,0,1,0.0
2036-03-13,1,1,1.0
2036-03-14,0,1,0.0
2036-03-15,0,1,0.0
2036-03-16,1,1,1.0
2036-03-17,0,1,0.0
2036-03-18,0,1,0.0
2036-03-19,1,1,1.0
2036-03-20,0,1,0.0
2036-03-21,1,1,1.0
2036-03-22,0,1,0.0
2036-03-23,0,1,0.0
2036-03-24,0,1,0.0
2036-03-25,1,1,1.0
2036-03-26,1,1,1.0
2036-03-27,1,1,1.0
2036-03-28,1,1,1.0
2036-03-29,0,1,0.0
2036-03-30,1,1,1.0
2036-03-31,0,1,0.0
2036-04-01,1,1,1.0
2036-04-02,1,1,1.0
2036-04-03,0,1,0.0
2036-04-04,0,1,0.0
2036-04-05,1,1,1.0
2036-04-06,1,1,1.0
2036-04-07,0,1,0.0
2036-04-08,0,1,0.0
2036-04-09,1,1,1.0
2036-04-10,0,1,0.0
2036-04-11,1,1,1.0
2036-04-12,1,1,1.0
2036-04-13,1,1,1.0
2036-04-14,1,1,1.0
2036-04-15,1,1,1.0
2036-04-16,1,1,1.0
2036-04-17,1,1,1.0
2036-04-18,0,1,0.0
2036-04-19,1,1,1.0
2036-04-20,1,1,1.0
2036-04-21,0,1,0.0
2036-04-22,1,1,1.0
2036-04-23,1,1,1.0
2036-04-24,1,1,1.0
2036-04-25,0,1,0.0
2036-04-26,1,1,1.0
2036-04-27,0,1,0.0
2036-04-28,1,1,1.0
2036-04-29,1,1,1.0
2036-04-30,1,1,1.0
2036-05-01,1,1,1.0
2036-05-02,1,1,1.0
2036-05-03,1,1,1.0
2036-05-04,1,1,1.0
2036-05-05,0,1,0.0
2036-05-06,0,1,0.0
2036-05-07,1,1,1.0
2036-05-08,1,1,1.0
2036-05-09,1,1,1.0
2036-05-10,1,1,1.0
2036-05-11,0,1,0.0
2036-05-12,1,1,1.0
2036-05-13,0,1,0.0
2036-05-14,1,1,1.0
2036-05-15,1,1,1.0
2036-05-16,1,1,1.0
2036-05-17,0,1,0.0
2036-05-18,0,1,0.0
2036-05-19,0,1,0.0
2036-05-20,1,1,1.0
2036-05-21,0,1,0.0
2036-05-22,1,1,1.0
2036-05-23,1,1,1.0
2036-05-24,1,1,1.0
2036-05-25,1,1,1.0
2036-05-26,1,1,1.0
2036-05-27,0,1,0.0
2036-05-28,1,1,1.0
2036-05-29,0,1,0.0
2036-05-30,1,1,1.0
2036-05-31,1,1,1.0
2036-06-01,1,1,1.0
2036-06-02,1,1,1.0
2036-06-03,1,1,1.0
2036-06-04,1,1,1.0
2036-06-05,1,1,1.0
2036-06-06,1,1,1.0
2036-06-07,1,1,1.0
2036-06-08,0,1,0.0
2036-06-09,1,1,1.0
2036-06-10,0,1,0.0
2036-06-11,1,1,1.0
2036-06-12,0,1,0.0
2036-06-13,1,1,1.0
2036-06-14,0,1,0.0
2036-06-15,0,1,0.0
2036-06-16,1,1,1.0
2036-06-17,0,1,0.0
2036-06-18,0,1,0.0
2036-06-19,1,1,1.0
2036-06-20,0,1,0.0
2036-06-21,0,1,0.0
2036-06-22,1,1,1.0
2036-06-23,1,1,1.0
2036-06-24,1,1,1.0
2036-06-25,0,1,0.0
2036-06-26,0,1,0.0
2036-06-27,1,1,1.0
2036-06-28,1,1,1.0
2036-06-29,1,1,1.0
2036-06-30,1,1,1.0
2036-07-01,1,1,1.0
2036-07-02,1,1,1.0
2036-07-03,1,1,1.0
2036-07-04,1,1,1.0
2036-07-05,0,1,0.0
2036-07-06,0,1,0.0
2036-07-07,1,1,1.0
2036-07-08,1,1,1.0
2036-07-09,1,1,1.0
2036-07-10,0,1,0.0
2036-07-11,1,1,1.0
2036-07-12,0,1,0.0
2036-07-13,1,1,1.0
2036-07-14,0,1,0.0
2036-07-15,1,1,1.0
2036-07-16,1,1,1.0
2036-07-17,1,1,1.0
2036-07-18,0,1,0.0
2036-07-19,1,1,1.0
2036-07-20,1,1,1.0
2036-07-21,1,1,1.0
2036-07-22,0,1,0.0
2036-07-23,0,1,0.0
2036-07-24,0,1,0.0
2036-07-25,1,1,1.0
2036-07-26,1,1,1.0
2036-07-27,0,1,0.0
2036-07-28,1,1,1.0
2036-07-29,1,1,1.0
2036-07-30,1,1,1.0
2036-07-31,1,1,1.0
2036-08-01,0,1,0.0
2036-08-02,0,1,0.0
2036-08-03,1,1,1.0
2036-08-04,1,1,1.0
2036-08-05,0,1,0.0
2036-08-06,1,1,1.0
2036-08-07,1,1,1.0
2036-08-08,1,1,1.0
2036-08-09,0,1,0.0
2036-08-10,1,1,1.0
2036-08-11,1,1,1.0
2036-08-12,1,1,1.0
2036-08-13,1,1,1.0
2036-08-14,0,1,0.0
2036-08-15,1,1,1.0
2036-08-16,1,1,1.0
2036-08-17,1,1,1.0
2036-08-18,1,1,1.0
2036-08-19,1,1,1.0
2036-08-20,1,1,1.0
2036-08-21,1,1,1.0
2036-08-22,1,1,1.0
2036-08-23,0,1,0.0
2036-08-24,1,1,1.0
2036-08-25,0,1,0.0
2036-08-26,0,1,0.0
2036-08-27,0,1,0.0
2036-08-28,0,1,0.0
2036-08-29,1,1,1.0
2036-08-30,0,1,0.0
2036-08-31,1,1,1.0
2036-09-01,0,1,0.0
2036-09-02,1,1,1.0
2036-09-03,1,1,1.0
2036-09-04,0,1,0.0
2036-09-05,1,1,1.0
2036-09-06,0,1,0.0
2036-09-07,0,1,0.0
2036-09-08,0,1,0.0
2036-09-09,0,1,0.0
2036-09-10,1,1,1.0
2036-09-11,0,1,0.0
2036-09-12,1,1,1.0
2036-09-13,0,1,0.0
2036-09-14,1,1,1.0
2036-09-15,1,1,1.0
2036-09-16,0,1,0.0
2036-09-17,1,1,1.0
2036-09-18,1,1,1.0
2036-09-19,1,1,1.0
2036-09-20,0,1,0.0
2036-09-21,1,1,1.0
2036-09-22,0,1,0.0
2036-09-23,1,1,1.0
2036-09-24,1,1,1.0
2036-09-25,1,1,1.0
2036-09-26,0,1,0.0
2036-09-27,1,1,1.0
2036-09-28,1,1,1.0
2036-09-29,1,1,1.0
2036-09-30,1,1,1.0
2036-10-01,0,1,0.0
2036-10-02,1,1,1.0
2036-10-03,0,1,0.0
2036-10-04,1,1,1.0
2036-10-05,0,1,0.0
2036-10-06,0,1,0.0
2036-10-07,1,1,1.0
2036-10-08,0,1,0.0
2036-10-09,0,1,0.0
2036-10-10,1,1,1.0
2036-10-11,1,1,1.0
2036-10-12,1,1,1.0
2036-10-13,1,1,1.0
2036-10-14,1,1,1.0
2036-10-15,0,1,0.0
2036-10-16,1,1,1.0
2036-10-17,1,1,1.0
2036-10-18,0,1,0.0
2036-10-19,0,1,0.0
2036-10-20,1,1,1.0
2036-10-21,1,1,1.0
2036-10-22,1,1,1.0
2036-10-23,0,1,0.0
2036-10-24,1,1,1.0
2036-10-25,1,1,1.0
2036-10-26,1,1,1.0
2036-10-27,0,1,0.0
2036-10-28,0,1,0.0
2036-10-29,1,1,1.0
2036-10-30,1,1,1.0
2036-10-31,1,1,1.0
2036-11-01,1,1,1.0
2036-11-02,0,1,0.0
2036-11-03,1,1,1.0
2036-11-04,1,1,1.0
2036-11-05,1,1,1.0
2036-11-06,1,1,1.0
2036-11-07,1,1,1.0
2036-11-08,0,1,0.0
2036-11-09,1,1,1.0
2036-11-10,1,1,1.0
2036-11-11,1,1,1.0
2036-11-12,0,1,0.0
2036-11-13,1,1,1.0
2036-11-14,1,1,1.0
2036-11-15,1,1,1.0
2036-11-16,1,1,1.0
2036-11-17,1,1,1.0
2036-11-18,1,1,1.0
2036-11-19,1,1,1.0
2036-11-20,0,1,0.0
2036-11-21,1,1,1.0
2036-11-22,1,1,1.0
2036-11-23,1,1,1.0
2036-11-24,0,1,0.0
2036-11-25,1,1,1.0
2036-11-26,0,1,0.0
2036-11-27,1,1,1.0
2036-11-28,1,1,1.0
2036-11-29,1,1,1.0
2036-11-30,0,1,0.0
2036-12-01,0,1,0.0
2036-12-02,1,1,1.0
2036-12-03,1,1,1.0
2036-12-04,1,1,1.0
2036-12-05,1,1,1.0
2036-12-06,1,1,1.0
2036-12-07,1,1,1.0
2036-12-08,1,1,1.0
2036-12-09,0,1,0.0
2036-12-10,0,1,0.0
2036-12-11,0,1,0.0
2036-12-12,0,1,0.0
2036-12-13,1,1,1.0
2036-12-14,1,1,1.0
2036-12-15,1,1,1.0
2036-12-16,1,1,1.0
2036-12-17,1,1,1.0
2036-12-18,1,1,1.0
2036-12-19,0,1,0.0
2036-12-20,1,1,1.0
2036-12-21,0,1,0.0
2036-12-22,1,1,1.0
2036-12-23,0,1,0.0
2036-12-24,1,1,1.0
2036-12-25,1,1,1.0
2036-12-26,1,1,1.0
2036-12-27,1,1,1.0
2036-12-28,1,1,1.0
2036-12-29,1,1,1.0
2036-12-30,0,1,0.0
2036-12-31,0,1,0.0
2037-01-01,1,1,1.0
2037-01-02,0,1,0.0
2037-01-03,1,1,1.0
2037-01-04,1,1,1.0
2037-01-05,1,1,1.0
2037-01-06,0,1,0.0
2037-01-07,1,1,1.0
2037-01-08,1,1,1.0
2037-01-09,1,1,1.0
2037-01-10,1,1,1.0
2037-01-11,0,1,0.0
2037-01-12,1,1,1.0
2037-01-13,0,1,0.0
2037-01-14,1,1,1.0
2037-01-15,1,1,1.0
2037-01-16,0,1,0.0
2037-01-17,1,1,1.0
2037-01-18,0,1,0.0
2037-01-19,0,1,0.0
2037-01-20,0,1,0.0
2037-01-21,1,1,1.0
2037-01-22,1,1,1.0
2037-01-23,0,1,0.0
2037-01-24,1,1,1.0
2037-01-25,1,1,1.0
2037-01-26,1,1,1.0
2037-01-27,0,1,0.0
2037-01-28,1,1,1.0
2037-01-29,1,1,1.0
2037-01-30,1,1,1.0
2037-01-31,0,1,0.0
2037-02-01,0,1,0.0
2037-02-02,1,1,1.0
2037-02-03,1,1,1.0
2037-02-04,1,1,1.0
2037-02-05,1,1,1.0
2037-02-06,1,1,1.0
2037-02-07,0,1,0.0
2037-02-08,1,1,1.0
2037-02-09,0,1,0.0
2037-02-10,1,1,1.0
2037-02-11,1,1,1.0
2037-02-12,1,1,1.0
2037-02-13,0,1,0.0
2037-02-14,1,1,1.0
2037-02-15,0,1,0.0
2037-02-16,1,1,1.0
2037-02-17,1,1,1.0
2037-02-18,1,1,1.0
2037-02-19,1,1,1.0
2037-02-20,0,1,0.0
2037-02-21,1,1,1.0
2037-02-22,1,1,1.0
2037-02-23,0,1,0.0
2037-02-24,1,1,1.0
2037-02-25,1,1,1.0
2037-02-26,1,1,1.0
2037-02-27,1,1,1.0
2037-02-28,1,1,1.0
2037-03-01,0,1,0.0
2037-03-02,0,1,0.0
2037-03-03,1,1,1.0
2037-03-04,0,1,0.0
2037-03-05,1,1,1.0
2037-03-06,1,1,1.0
2037-03-07,1,1,1.0
2037-03-08,1,1,1.0
2037-03-09,1,1,1.0
2037-03-10,1,1,1.0
2037-03-11,1,1,1.0
2037-03-12,0,1,0.0
2037-03-13,0,1,0.0
2037-03-14,1,1,1.0
2037-03-15,1,1,1.0
2037-03-16,0,1,0.0
2037-03-17,1,1,1.0
2037-03-18,1,1,1.0
2037-03-19,1,1,1.0
2037-03-20,0,1,0.0
2037-03-21,1,1,1.0
2037-03-22,1,1,1.0
2037-03-23,1,1,1.0
2037-03-24,0,1,0.0
2037-03-25,0,1,0.0
2037-03-26,1,1,1.0
2037-03-27,1,1,1.0
2037-03-28,1,1,1.0
2037-03-29,1,1,1.0
2037-03-30,1,1,1.0
2037-03-31,1,1,1.0
2037-04-01,1,1,1.0
2037-04-02,1,1,1.0
2037-04-03,1,1,1.0
2037-04-04,0,1,0.0
2037-04-05,1,1,1.0
2037-04-06,1,1,1.0
2037-04-07,1,1,1.0
2037-04-08,1,1,1.0
2037-04-09,1,1,1.0
2037-04-10,0,1,0.0
2037-04-11,1,1,1.0
2037-04-12,1,1,1.0
2037-04-13,1,1,1.0
2037-04-14,1,1,1.0
2037-04-15,0,1,0.0
2037-04-16,0,1,0.0
2037-04-17,1,1,1.0
2037-04-18,0,1,0.0
2037-04-19,1,1,1.0
2037-04-20,0,1,0.0
2037-04-21,1,1,1.0
2037-04-22,0,1,0.0
2037-04-23,0,1,0.0
2037-04-24,1,1,1.0
2037-04-25,1,1,1.0
2037-04-26,1,1,1.0
2037-04-27,0,1,0.0
2037-04-28,1,1,1.0
2037-04-29,1,1,1.0
2037-04-30,1,1,1.0
2037-05-01,0,1,0.0
2037-05-02,1,1,1.0
2037-05-03,1,1,1.0
2037-05-04,1,1,1.0
2037-05-05,0,1,0.0
2037-05-06,0,1,0.0
2037-05-07,0,1,0.0
2037-05-08,1,1,1.0
2037-05-09,0,1,0.0
2037-05-10,1,1,1.0
2037-05-11,0,1,0.0
2037-05-12,0,1,0.0
2037-05-13,1,1,1.0
2037-05-14,0,1,0.0
2037-05-15,0,1,0.0
2037-05-16,1,1,1.0
2037-05-17,1,1,1.0
2037-05-18,1,1,1.0
2037-05-19,0,1,0.0
2037-05-20,0,1,0.0
2037-05-21,1,1,1.0
2037-05-22,1,1,1.0
2037-05-23,0,1,0.0
2037-05-24,1,1,1.0
2037-05-25,1,1,1.0
2037-05-26,1,1,1.0
2037-05-27,0,1,0.0
2037-05-28,1,1,1.0
2037-05-29,1,1,1.0
2037-05-30,1,1,1.0
2037-05-31,0,1,0.0
2037-06-01,1,1,1.0
2037-06-02,1,1,1.0
2037-06-03,1,1,1.0
2037-06-04,1,1,1.0
2037-06-05,0,1,0.0
2037-06-06,1,1,1.0
2037-06-07,1,1,1.0
2037-06-08,1,1,1.0
2037-06-09,1,1,1.0
2037-06-10,0,1,0.0
2037-06-11,1,1,1.0
2037-06-12,1,1,1.0
2037-06-13,0,1,0.0
2037-06-14,0,1,0.0
2037-06-15,1,1,1.0
2037-06-16,1,1,1.0
2037-06-17,1,1,1.0
2037-06-18,1,1,1.0
2037-06-19,1,1,1.0
2037-06-20,0,1,0.0
2037-06-21,0,1,0.0
2037-06-22,1,1,1.0
2037-06-23,1,1,1.0
2037-06-24,1,1,1.0
2037-06-25,0,1,0.0
2037-06-26,0,1,0.0
2037-06-27,1,1,1.0
2037-06-28,1,1,1.0
2037-06-29,0,1,0.0
2037-06-30,0,1,0.0
2037-07-01,1,1,1.0
2037-07-02,1,1,1.0
2037-07-03,1,1,1.0
2037-07-04,1,1,1.0
2037-07-05,0,1,0.0
2037-07-06,0,1,0.0
2037-07-07,0,1,0.0
2037-07-08,1,1,1.0
2037-07-09,1,1,1.0
2037-07-10,1,1,1.0
2037-07-11,0,1,0.0
2037-07-12,1,1,1.0
2037-07-13,1,1,1.0
2037-07-14,1,1,1.0
2037-07-15,0,1,0.0
2037-07-16,1,1,1.0
2037-07-17,1,1,1.0
2037-07-18,1,1,1.0
2037-07-19,1,1,1.0
2037-07-20,1,1,1.0
2037-07-21,1,1,1.0
2037-07-22,1,1,1.0
2037-07-23,1,1,1.0
2037-07-24,0,1,0.0
2037-07-25,1,1,1.0
2037-07-26,0,1,0.0
2037-07-27,1,1,1.0
2037-07-28,1,1,1.0
2037-07-29,1,1,1.0
2037-07-30,0,1,0.0
2037-07-31,0,1,0.0
2037-08-01,1,1,1.0
2037-08-02,0,1,0.0
2037-08-03,1,1,1.0
2037-08-04,0,1,0.0
2037-08-05,1,1,1.0
2037-08-06,1,1,1.0
2037-08-07,1,1,1.0
2037-08-08,1,1,1.0
2037-08-09,1,1,1.0
2037-08-10,0,1,0.0
2037-08-11,1,1,1.0
2037-08-12,0,1,0.0
2037-08-13,1,1,1.0
2037-08-14,0,1,0.0
2037-08-15,0,1,0.0
2037-08-16,1,1,1.0
2037-08-17,1,1,1.0
2037-08-18,1,1,1.0
2037-08-19,0,1,0.0
2037-08-20,1,1,1.0
2037-08-21,1,1,1.0
2037-08-22,1,1,1.0
2037-08-23,1,1,1.0
2037-08-24,1,1,1.0
2037-08-25,1,1,1.0
2037-08-26,1,1,1.0
2037-08-27,0,1,0.0
2037-08-28,0,1,0.0
2037-08-29,0,1,0.0
2037-08-30,1,1,1.0
2037-08-31,0,1,0.0
2037-09-01,1,1,1.0
2037-09-02,1,1,1.0
2037-09-03,1,1,1.0
2037-09-04,1,1,1.0
2037-09-05,1,1,1.0
2037-09-06,0,1,0.0
2037-09-07,1,1,1.0
2037-09-08,1,1,1.0
2037-09-09,1,1,1.0
2037-09-10,0,1,0.0
2037-09-11,0,1,0.0
2037-09-12,1,1,1.0
2037-09-13,1,1,1.0
2037-09-14,0,1,0.0
2037-09-15,0,1,0.0
2037-09-16,0,1,0.0
2037-09-17,1,1,1.0
2037-09-18,1,1,1.0
2037-09-19,1,1,1.0
2037-09-20,0,1,0.0
2037-09-21,1,1,1.0
2037-09-22,1,1,1.0
2037-09-23,0,1,0.0
2037-09-24,1,1,1.0
2037-09-25,1,1,1.0
2037-09-26,1,1,1.0
2037-09-27,1,1,1.0
2037-09-28,0,1,0.0
2037-09-29,1,1,1.0
2037-09-30,1,1,1.0
2037-10-01,1,1,1.0
2037-10-02,1,1,1.0
2037-10-03,1,1,1.0
2037-10-04,1,1,1.0
2037-10-05,1,1,1.0
2037-10-06,1,1,1.0
2037-10-07,1,1,1.0
2037-10-08,1,1,1.0
2037-10-09,0,1,0.0
2037-10-10,1,1,1.0
2037-10-11,0,1,0.0
2037-10-12,1,1,1.0
2037-10-13,0,1,0.0
2037-10-14,1,1,1.0
2037-10-15,1,1,1.0
2037-10-16,1,1,1.0
2037-10-17,0,1,0.0
2037-10-18,1,1,1.0
2037-10-19,1,1,1.0
2037-10-20,0,1,0.0
2037-10-21,0,1,0.0
2037-10-22,1,1,1.0
2037-10-23,0,1,0.0
2037-10-24,1,1,1.0
2037-10-25,0,1,0.0
2037-10-26,1,1,1.0
2037-10-27,0,1,0.0
2037-10-28,0,1,0.0
2037-10-29,1,1,1.0
2037-10-30,1,1,1.0
2037-10-31,1,1,1.0
2037-11-01,1,1,1.0
2037-11-02,1,1,1.0
2037-11-03,1,1,1.0
2037-11-04,1,1,1.0
2037-11-05,1,1,1.0
2037-11-06,0,1,0.0
2037-11-07,0,1,0.0
2037-11-08,1,1,1.0
2037-11-09,1,1,1.0
2037-11-10,1,1,1.0
2037-11-11,1,1,1.0
2037-11-12,1,1,1.0
2037-11-13,1,1,1.0
2037-11-14,1,1,1.0
2037-11-15,1,1,1.0
2037-11-16,1,1,1.0
2037-11-17,0,1,0.0
2037-11-18,0,1,0.0
2037-11-19,1,1,1.0
2037-11-20,1,1,1.0
2037-11-21,0,1,0.0
2037-11-22,1,1,1.0
2037-11-23,1,1,1.0
2037-11-24,1,1,1.0
2037-11-25,0,1,0.0
2037-11-26,0,1,0.0
2037-11-27,1,1,1.0
2037-11-28,0,1,0.0
2037-11-29,1,1,1.0
2037-11-30,1,1,1.0
2037-12-01,1,1,1.0
2037-12-02,0,1,0.0
2037-12-03,1,1,1.0
2037-12-04,1,1,1.0
2037-12-05,0,1,0.0
2037-12-06,1,1,1.0
2037-12-07,1,1,1.0
2037-12-08,0,1,0.0
2037-12-09,0,1,0.0
2037-12-10,0,1,0.0
2037-12-11,0,1,0.0
2037-12-12,0,1,0.0
2037-12-13,0,1,0.0
2037-12-14,0,1,0.0
2037-12-15,1,1,1.0
2037-12-16,1,1,1.0
2037-12-17,0,1,0.0
2037-12-18,1,1,1.0
2037-12-19,0,1,0.0
2037-12-20,1,1,1.0
2037-12-21,0,1,0.0
2037-12-22,0,1,0.0
2037-12-23,1,1,1.0
2037-12-24,0,1,0.0
2037-12-25,1,1,1.0
2037-12-26,1,1,1.0
2037-12-27,1,1,1.0
2037-12-28,0,1,0.0
2037-12-29,1,1,1.0
2037-12-30,1,1,1.0
2037-12-31,1,1,1.0
2038-01-01,1,1,1.0
2038-01-02,0,1,0.0
2038-01-03,1,1,1.0
2038-01-04,1,1,1.0
2038-01-05,1,1,1.0
2038-01-06,0,1,0.0
2038-01-07,0,1,0.0
2038-01-08,1,1,1.0
2038-01-09,0,1,0.0
2038-01-10,1,1,1.0
2038-01-11,0,1,0.0
2038-01-12,1,1,1.0
2038-01-13,1,1,1.0
2038-01-14,1,1,1.0
2038-01-15,1,1,1.0
2038-01-16,1,1,1.0
2038-01-17,1,1,1.0
2038-01-18,0,1,0.0
2038-01-19,1,1,1.0
2038-01-20,1,1,1.0
2038-01-21,0,1,0.0
2038-01-22,1,1,1.0
2038-01-23,1,1,1.0
2038-01-24,1,1,1.0
2038-01-25,1,1,1.0
2038-01-26,1,1,1.0
2038-01-27,1,1,1.0
2038-01-28,1,1,1.0
2038-01-29,0,1,0.0
2038-01-30,1,1,1.0
2038-01-31,1,1,1.0
2038-02-01,0,1,0.0
2038-02-02,1,1,1.0
2038-02-03,1,1,1.0
2038-02-04,1,1,1.0
2038-02-05,1,1,1.0
2038-02-06,0,1,0.0
2038-02-07,1,1,1.0
2038-02-08,1,1,1.0
2038-02-09,1,1,1.0
2038-02-10,0,1,0.0
2038-02-11,1,1,1.0
2038-02-12,1,1,1.0
2038-02-13,1,1,1.0
2038-02-14,1,1,1.0
2038-02-15,1,1,1.0
2038-02-16,1,1,1.0
2038-02-17,1,1,1.0
2038-02-18,1,1,1.0
2038-02-19,1,1,1.0
2038-02-20,1,1,1.0
2038-02-21,0,1,0.0
2038-02-22,1,1,1.0
2038-02-23,1,1,1.0
2038-02-24,0,1,0.0
2038-02-25,1,1,1.0
2038-02-26,0,1,0.0
2038-02-27,1,1,1.0
2038-02-28,1,1,1.0
2038-03-01,1,1,1.0
2038-03-02,1,1,1.0
2038-03-03,1,1,1.0
2038-03-04,1,1,1.0
2038-03-05,1,1,1.0
2038-03-06,1,1,1.0
2038-03-07,0,1,0.0
2038-03-08,1,1,1.0
2038-03-09,1,1,1.0
2038-03-10,1,1,1.0
2038-03-11,0,1,0.0
2038-03-12,1,1,1.0
2038-03-13,1,1,1.0
2038-03-14,1,1,1.0
2038-03-15,1,1,1.0
2038-03-16,1,1,1.0
2038-03-17,0,1,0.0
2038-03-18,1,1,1.0
2038-03-19,0,1,0.0
2038-03-20,1,1,1.0
2038-03-21,0,1,0.0
2038-03-22,1,1,1.0
2038-03-23,1,1,1.0
2038-03-24,0,1,0.0
2038-03-25,1,1,1.0
2038-03-26,1,1,1.0
2038-03-27,1,1,1.0
2038-03-28,1,1,1.0
2038-03-29,1,1,1.0
2038-03-30,1,1,1.0
2038-03-31,1,1,1.0
2038-04-01,1,1,1.0
2038-04-02,1,1,1.0
2038-04-03,0,1,0.0
2038-04-04,1,1,1.0
2038-04-05,1,1,1.0
2038-04-06,1,1,1.0
2038-04-07,1,1,1.0
2038-04-08,1,1,1.0
2038-04-09,1,1,1.0
2038-04-10,1,1,1.0
2038-04-11,1,1,1.0
2038-04-12,1,1,1.0
2038-04-13,1,1,1.0
2038-04-14,1,1,1.0
2038-04-15,1,1,1.0
2038-04-16,0,1,0.0
2038-04-17,0,1,0.0
2038-04-18,1,1,1.0
2038-04-19,1,1,1.0
2038-04-20,1,1,1.0
2038-04-21,1,1,1.0
2038-04-22,0,1,0.0
2038-04-23,0,1,0.0
2038-04-24,0,1,0.0
2038-04-25,1,1,1.0
2038-04-26,1,1,1.0
2038-04-27,1,1,1.0
2038-04-28,1,1,1.0
2038-04-29,0,1,0.0
2038-04-30,1,1,1.0
2038-05-01,1,1,1.0
2038-05-02,1,1,1.0
2038-05-03,1,1,1.0
2038-05-04,0,1,0.0
2038-05-05,1,1,1.0
2038-05-06,1,1,1.0
2038-05-07,0,1,0.0
2038-05-08,0,1,0.0
2038-05-09,0,1,0.0
2038-05-10,1,1,1.0
2038-05-11,0,1,0.0
2038-05-12,0,1,0.0
2038-05-13,0,1,0.0
2038-05-14,1,1,1.0
2038-05-15,1,1,1.0
2038-05-16,1,1,1.0
2038-05-17,1,1,1.0
2038-05-18,1,1,1.0
2038-05-19,1,1,1.0
2038-05-20,0,1,0.0
2038-05-21,1,1,1.0
2038-05-22,0,1,0.0
2038-05-23,0,1,0.0
2038-05-24,1,1,1.0
2038-05-25,0,1,0.0
2038-05-26,1,1,1.0
2038-05-27,1,1,1.0
2038-05-28,0,1,0.0
2038-05-29,1,1,1.0
2038-05-30,0,1,0.0
2038-05-31,0,1,0.0
2038-06-01,0,1,0.0
2038-06-02,1,1,1.0
2038-06-03,1,1,1.0
2038-06-04,1,1,1.0
2038-06-05,1,1,1.0
2038-06-06,1,1,1.0
2038-06-07,1,1,1.0
2038-06-08,0,1,0.0
2038-06-09,1,1,1.0
2038-06-10,1,1,1.0
2038-06-11,1,1,1.0
2038-06-12,0,1,0.0
2038-06-13,1,1,1.0
2038-06-14,1,1,1.0
2038-06-15,0,1,0.0
2038-06-16,1,1,1.0
2038-06-17,1,1,1.0
2038-06-18,1,1,1.0
2038-06-19,1,1,1.0
2038-06-20,1,1,1.0
2038-06-21,1,1,1.0
2038-06-22,1,1,1.0
2038-06-23,1,1,1.0
2038-06-24,1,1,1.0
2038-06-25,1,1,1.0
2038-06-26,0,1,0.0
2038-06-27,1,1,1.0
2038-06-28,1,1,1.0
2038-06-29,1,1,1.0
2038-06-30,1,1,1.0
2038-07-01,0,1,0.0
2038-07-02,1,1,1.0
2038-07-03,0,1,0.0
2038-07-04,0,1,0.0
2038-07-05,1,1,1.0
2038-07-06,1,1,1.0
2038-07-07,1,1,1.0
2038-07-08,1,1,1.0
2038-07-09,0,1,0.0
2038-07-10,1,1,1.0
2038-07-11,1,1,1.0
2038-07-12,0,1,0.0
2038-07-13,1,1,1.0
2038-07-14,1,1,1.0
2038-07-15,1,1,1.0
2038-07-16,1,1,1.0
2038-07-17,1,1,1.0
2038-07-18,0,1,0.0
2038-07-19,1,1,1.0
2038-07-20,1,1,1.0
2038-07-21,1,1,1.0
2038-07-22,0,1,0.0
2038-07-23,1,1,1.0
2038-07-24,1,1,1.0
2038-07-25,1,1,1.0
2038-07-26,1,1,1.0
2038-07-27,0,1,0.0
2038-07-28,0,1,0.0
2038-07-29,1,1,1.0
2038-07-30,1,1,1.0
2038-07-31,1,1,1.0
2038-08-01,0,1,0.0
2038-08-02,1,1,1.0
2038-08-03,0,1,0.0
2038-08-04,1,1,1.0
2038-08-05,1,1,1.0
2038-08-06,0,1,0.0
2038-08-07,1,1,1.0
2038-08-08,1,1,1.0
2038-08-09,1,1,1.0
2038-08-10,1,1,1.0
2038-08-11,1,1,1.0
2038-08-12,0,1,0.0
2038-08-13,1,1,1.0
2038-08-14,0,1,0.0
2038-08-15,1,1,1.0
2038-08-16,1,1,1.0
2038-08-17,1,1,1.0
2038-08-18,1,1,1.0
2038-08-19,0,1,0.0
2038-08-20,0,1,0.0
2038-08-21,0,1,0.0
2038-08-22,0,1,0.0
2038-08-23,1,1,1.0
2038-08-24,1,1,1.0
2038-08-25,0,1,0.0
2038-08-26,0,1,0.0
2038-08-27,1,1,1.0
2038-08-28,0,1,0.0
2038-08-29,1,1,1.0
2038-08-30,0,1,0.0
2038-08-31,1,1,1.0
2038-09-01,1,1,1.0
2038-09-02,1,1,1.0
2038-09-03,0,1,0.0
2038-09-04,1,1,1.0
2038-09-05,0,1,0.0
2038-09-06,1,1,1.0
2038-09-07,1,1,1.0
2038-09-08,1,1,1.0
2038-09-09,1,1,1.0
